11/08/2021/18/00/39,4,4,15.04,3.4665,3.47,3.467,3.4671,0,22.4,23.2,22.4,22.7,18.73,0.0,13.87
11/08/2021/18/00/49,4,4,15.03,3.4665,3.47,3.467,3.4671,0,22.7,22.7,22.7,23,18.74,0.0,13.87
11/08/2021/18/00/59,4,4,15.02,3.4665,3.47,3.467,3.4671,0,22.7,23,22.4,22.4,18.74,0.0,13.87
11/08/2021/18/01/09,4,4,15.08,3.4666,3.4701,3.467,3.4672,0,22.7,23,22.7,22.4,18.72,0.0,13.87
11/08/2021/18/01/19,4,4,15.15,3.4666,3.4703,3.4671,3.4672,0,22.7,22.7,22.7,22.4,18.7,0.0,13.87
11/08/2021/18/01/29,4,4,15.05,3.4668,3.4704,3.4673,3.4673,0,22.4,22.4,22.7,22.7,18.75,0.0,13.87
11/08/2021/18/01/39,4,4,15.17,3.467,3.4704,3.4673,3.4673,0,22.1,23,22.1,22.7,18.71,0.0,13.87
11/08/2021/18/01/49,4,4,15.12,3.467,3.4706,3.4673,3.4674,0,22.4,22.4,22.4,22.4,18.73,0.0,13.87
11/08/2021/18/01/59,4,4,15.04,3.4672,3.4708,3.4674,3.4676,0,22.4,23,22.4,22.7,18.78,0.0,13.87
11/08/2021/18/02/09,4,4,15.03,3.4674,3.4709,3.4674,3.4676,0,22.4,22.4,22.4,22.4,18.79,0.0,13.87
11/08/2021/18/02/19,4,4,15.13,3.4675,3.471,3.4674,3.4676,0,22.1,22.4,22.7,22.7,18.76,0.0,13.87
11/08/2021/18/02/29,4,4,15.07,3.4677,3.4711,3.4675,3.4677,0,22.4,23,22.4,22.4,18.79,0.0,13.87
11/08/2021/18/02/39,4,4,15.16,3.4678,3.4712,3.4676,3.4677,0,22.7,23,22.1,22.7,18.76,0.0,13.87
11/08/2021/18/02/49,4,4,15.03,3.468,3.4713,3.4676,3.4679,0,22.1,23,22.1,23,18.83,0.0,13.87
11/08/2021/18/02/59,4,4,15.11,3.4681,3.4713,3.4677,3.468,0,22.7,23,22.1,22.7,18.8,0.0,13.88
11/08/2021/18/03/09,4,4,15.06,3.4681,3.4714,3.4678,3.468,0,22.7,23,22.7,22.7,18.82,0.0,13.88
11/08/2021/18/03/19,4,4,15.16,3.4681,3.4714,3.4679,3.4682,0,22.1,22.7,22.7,22.4,18.78,0.0,13.88
11/08/2021/18/03/29,4,4,15.14,3.4682,3.4715,3.468,3.4683,0,22.4,22.4,22.4,23,18.8,0.0,13.88
11/08/2021/18/03/39,4,4,15.16,3.4683,3.4716,3.4682,3.4684,0,22.4,22.7,22.4,22.7,18.79,0.0,13.88
11/08/2021/18/03/49,4,4,15.08,3.4684,3.4717,3.4684,3.4686,0,22.7,23,22.4,23,18.83,0.0,13.88
11/08/2021/18/03/59,4,4,15.09,3.4686,3.4717,3.4684,3.4687,0,22.1,22.7,22.4,23,18.84,0.0,13.88
11/08/2021/18/04/09,4,4,15.14,3.4687,3.4719,3.4685,3.4688,0,22.7,22.4,22.4,22.4,18.83,0.0,13.88
11/08/2021/18/04/19,4,4,15.16,3.4687,3.472,3.4686,3.469,0,22.7,22.4,22.7,23,18.82,0.0,13.88
11/08/2021/18/04/29,4,4,15.1,3.4688,3.4721,3.4688,3.4691,0,22.4,23,22.1,23,18.85,0.0,13.88
11/08/2021/18/04/39,4,4,15.16,3.4689,3.4722,3.4688,3.4692,0,22.4,22.7,22.7,22.4,18.83,0.0,13.88
11/08/2021/18/04/49,4,4,15.14,3.4691,3.4723,3.4689,3.4692,0,22.7,23,22.7,22.7,18.85,0.0,13.88
11/08/2021/18/04/59,4,4,15.04,3.4692,3.4724,3.4691,3.4694,0,22.7,23,22.1,22.7,18.9,0.0,13.88
11/08/2021/18/05/09,4,4,15.15,3.4692,3.4724,3.4692,3.4695,0,22.1,22.7,22.4,22.4,18.85,0.0,13.88
11/08/2021/18/05/19,4,4,15.05,3.4692,3.4726,3.4694,3.4696,0,22.1,22.7,22.7,23,18.89,0.0,13.88
11/08/2021/18/05/29,4,4,15.12,3.4693,3.4728,3.4696,3.4696,0,22.4,23,22.7,23,18.87,0.0,13.88
11/08/2021/18/05/39,4,4,15.09,3.4694,3.4729,3.4698,3.4697,0,22.7,23,22.7,22.7,18.89,0.0,13.88
11/08/2021/18/05/49,4,4,15.1,3.4694,3.4729,3.47,3.4697,0,22.4,23,22.7,22.7,18.89,0.0,13.88
11/08/2021/18/05/59,4,4,15.12,3.4695,3.4729,3.4701,3.4698,0,22.7,22.4,22.7,22.7,18.88,0.0,13.88
11/08/2021/18/06/09,4,4,15.1,3.4695,3.4729,3.4702,3.4698,0,22.1,23,22.1,22.7,18.89,0.0,13.88
11/08/2021/18/06/19,4,4,15.1,3.4696,3.473,3.4703,3.47,0,22.7,22.7,22.7,23,18.9,0.0,13.88
11/08/2021/18/06/29,4,4,15.17,3.4696,3.4732,3.4705,3.47,0,22.7,22.4,22.7,22.4,18.87,0.0,13.88
11/08/2021/18/06/39,4,4,15.1,3.4697,3.4734,3.4706,3.47,0,22.4,23,22.4,22.7,18.9,0.0,13.88
11/08/2021/18/06/49,4,4,15.13,3.4697,3.4735,3.4707,3.47,0,22.4,23,22.1,23,18.89,0.0,13.88
11/08/2021/18/06/59,4,4,15.12,3.4698,3.4736,3.4708,3.4701,0,22.7,22.7,22.1,23,18.9,0.0,13.88
11/08/2021/18/07/09,4,4,15.03,3.47,3.4737,3.471,3.4703,0,22.1,23,22.7,22.7,18.95,0.0,13.89
11/08/2021/18/07/19,4,4,15.13,3.4701,3.4737,3.4711,3.4705,0,22.4,22.4,22.4,22.7,18.92,0.0,13.89
11/08/2021/18/07/29,4,4,15.17,3.4701,3.4738,3.4712,3.4707,0,22.1,23,22.4,23,18.9,0.0,13.89
11/08/2021/18/07/39,4,4,15.07,3.4701,3.474,3.4714,3.4707,0,22.7,23,22.4,23,18.94,0.0,13.89
11/08/2021/18/07/49,4,4,15.04,3.4701,3.4741,3.4715,3.4709,0,22.1,22.7,22.7,22.4,18.95,0.0,13.89
11/08/2021/18/07/59,4,4,15.08,3.4702,3.4742,3.4717,3.471,0,22.1,22.4,22.4,23,18.94,0.0,13.89
11/08/2021/18/08/09,4,4,15.1,3.4704,3.4742,3.4718,3.4711,0,22.4,22.7,22.1,22.4,18.95,0.0,13.89
11/08/2021/18/08/19,4,4,15.09,3.4705,3.4743,3.4718,3.4711,0,22.7,23,22.4,23,18.96,0.0,13.89
11/08/2021/18/08/29,4,4,15.04,3.4707,3.4743,3.4719,3.4713,0,22.4,22.7,22.4,22.4,18.99,0.0,13.89
11/08/2021/18/08/39,4,4,15.03,3.4708,3.4744,3.472,3.4713,0,22.4,23,22.4,23,19,0.0,13.89
11/08/2021/18/08/49,4,4,15.11,3.4709,3.4745,3.4721,3.4715,0,22.7,22.7,22.1,22.4,18.97,0.0,13.89
11/08/2021/18/08/59,4,4,15.14,3.471,3.4746,3.4723,3.4717,0,22.7,22.7,22.1,23,18.97,0.0,13.89
11/08/2021/18/09/09,4,4,15.08,3.4712,3.4746,3.4725,3.4718,0,22.1,22.7,22.7,23,19,0.0,13.89
11/08/2021/18/09/19,4,4,15.06,3.4712,3.4746,3.4727,3.4719,0,22.4,22.7,22.1,23,19.01,0.0,13.89
11/08/2021/18/09/29,4,4,15.09,3.4713,3.4746,3.4729,3.4721,0,22.1,22.4,22.1,22.7,19,0.0,13.89
11/08/2021/18/09/39,4,4,15.1,3.4714,3.4747,3.473,3.4722,0,22.1,22.4,22.1,22.7,19.01,0.0,13.89
11/08/2021/18/09/49,4,4,15.16,3.4715,3.4749,3.4731,3.4724,0,22.7,22.7,22.7,22.7,18.99,0.0,13.89
11/08/2021/18/09/59,4,4,15.07,3.4717,3.4751,3.4732,3.4725,0,22.1,22.4,22.1,22.4,19.04,0.0,13.89
11/08/2021/18/10/09,4,4,15.05,3.4718,3.4752,3.4733,3.4726,0,22.7,22.4,22.1,23,19.05,0.0,13.89
11/08/2021/18/10/19,4,4,15.08,3.4719,3.4753,3.4734,3.4727,0,22.4,22.7,22.4,22.7,19.05,0.0,13.89
11/08/2021/18/10/29,4,4,15.12,3.4719,3.4753,3.4734,3.4728,0,22.4,22.7,22.4,22.4,19.03,0.0,13.89
11/08/2021/18/10/39,4,4,15.08,3.4719,3.4755,3.4735,3.4729,0,22.7,22.4,22.4,23,19.05,0.0,13.89
11/08/2021/18/10/49,4,4,15.03,3.472,3.4756,3.4737,3.4731,0,22.4,22.4,22.1,22.7,19.07,0.0,13.89
11/08/2021/18/10/59,4,4,15.07,3.4721,3.4757,3.4739,3.4732,0,22.7,23,22.4,22.4,19.06,0.0,13.89
11/08/2021/18/11/09,4,4,15.09,3.4721,3.4759,3.4739,3.4734,0,22.1,23,22.4,23,19.05,0.0,13.9
11/08/2021/18/11/19,4,4,15.15,3.4721,3.4759,3.4739,3.4736,0,22.1,22.4,22.1,23,19.03,0.0,13.9
11/08/2021/18/11/29,4,4,15.04,3.4723,3.476,3.4739,3.4737,0,22.7,22.7,22.1,23,19.09,0.0,13.9
11/08/2021/18/11/39,4,4,15.02,3.4724,3.4762,3.474,3.4739,0,22.4,23,22.7,23,19.1,0.0,13.9
11/08/2021/18/11/49,4,4,15.11,3.4726,3.4762,3.474,3.474,0,22.1,22.4,22.7,22.7,19.08,0.0,13.9
11/08/2021/18/11/59,4,4,15.15,3.4727,3.4763,3.4741,3.474,0,22.4,22.4,22.4,22.7,19.07,0.0,13.9
11/08/2021/18/12/09,4,4,15.11,3.4727,3.4764,3.4743,3.4742,0,22.1,23,22.7,23,19.08,0.0,13.9
11/08/2021/18/12/19,4,4,15.05,3.4728,3.4765,3.4743,3.4743,0,22.4,23,22.7,22.4,19.11,0.0,13.9
11/08/2021/18/12/29,4,4,15.07,3.473,3.4766,3.4744,3.4744,0,22.4,22.4,22.4,22.4,19.12,0.0,13.9
11/08/2021/18/12/39,4,4,15.12,3.4732,3.4767,3.4746,3.4744,0,22.7,22.4,22.1,22.7,19.11,0.0,13.9
11/08/2021/18/12/49,4,4,15.14,3.4732,3.4768,3.4747,3.4745,0,22.4,22.4,22.4,23,19.1,0.0,13.9
11/08/2021/18/12/59,4,4,15.16,3.4733,3.4769,3.4749,3.4747,0,22.7,22.7,22.1,22.7,19.1,0.0,13.9
11/08/2021/18/13/09,4,4,15.16,3.4733,3.477,3.4749,3.4749,0,22.7,23,22.1,23,19.1,0.0,13.9
11/08/2021/18/13/19,4,4,15.17,3.4735,3.4771,3.475,3.475,0,22.1,22.7,22.7,22.7,19.11,0.0,13.9
11/08/2021/18/13/29,4,4,15.03,3.4735,3.4773,3.475,3.4751,0,22.7,22.4,22.7,22.4,19.16,0.0,13.9
11/08/2021/18/13/39,4,4,15.04,3.4735,3.4775,3.4752,3.4751,0,22.7,22.4,22.7,22.7,19.16,0.0,13.9
11/08/2021/18/13/49,4,4,15.11,3.4736,3.4775,3.4752,3.4751,0,22.4,22.4,22.4,22.7,19.14,0.0,13.9
11/08/2021/18/13/59,4,4,15.09,3.4737,3.4777,3.4752,3.4753,0,22.7,22.4,22.7,22.7,19.15,0.0,13.9
11/08/2021/18/14/09,4,4,15.16,3.4738,3.4778,3.4754,3.4755,0,22.1,22.4,22.1,23,19.13,0.0,13.9
11/08/2021/18/14/19,4,4,15.16,3.474,3.4779,3.4756,3.4756,0,22.4,23,22.1,23,19.14,0.0,13.9
11/08/2021/18/14/29,4,4,15.06,3.4742,3.478,3.4757,3.4757,0,22.1,22.4,22.7,22.7,19.19,0.0,13.9
11/08/2021/18/14/40,4,4,15.07,3.4743,3.4781,3.4757,3.4757,0,22.4,22.7,22.4,22.7,19.2,0.0,13.9
11/08/2021/18/14/50,4,4,15.17,3.4745,3.4783,3.4759,3.4757,0,22.1,22.7,22.1,22.7,19.17,0.0,13.9
11/08/2021/18/15/00,4,4,15.11,3.4747,3.4785,3.4761,3.4759,0,22.7,23,22.7,22.7,19.21,0.0,13.91
11/08/2021/18/15/10,4,4,15.03,3.4748,3.4786,3.4762,3.4761,0,22.4,23,22.1,23,19.24,0.0,13.91
11/08/2021/18/15/20,4,4,15.04,3.4748,3.4787,3.4762,3.4762,0,22.4,23,22.7,23,19.24,0.0,13.91
11/08/2021/18/15/30,4,4,15.15,3.475,3.4789,3.4764,3.4764,0,22.1,22.7,22.7,23,19.21,0.0,13.91
11/08/2021/18/15/40,4,4,15.16,3.4751,3.4789,3.4765,3.4765,0,22.1,22.4,22.1,22.7,19.21,0.0,13.91
11/08/2021/18/15/50,4,4,15.05,3.4752,3.4789,3.4766,3.4766,0,22.1,22.7,22.1,22.7,19.26,0.0,13.91
11/08/2021/18/16/00,4,4,15.02,3.4753,3.4791,3.4766,3.4768,0,22.1,22.7,22.4,23,19.28,0.0,13.91
11/08/2021/18/16/10,4,4,15.13,3.4755,3.4792,3.4768,3.4769,0,22.1,22.4,22.1,23,19.25,0.0,13.91
11/08/2021/18/16/20,4,4,15.13,3.4756,3.4792,3.4769,3.4771,0,22.1,22.7,22.4,23,19.25,0.0,13.91
11/08/2021/18/16/30,4,4,15.07,3.4757,3.4794,3.477,3.4771,0,22.7,22.4,22.4,22.7,19.28,0.0,13.91
11/08/2021/18/16/40,4,4,15.07,3.4758,3.4795,3.4771,3.4772,0,22.7,22.7,22.4,22.4,19.29,0.0,13.91
11/08/2021/18/16/50,4,4,15.05,3.4759,3.4797,3.4773,3.4774,0,22.4,22.4,22.4,22.4,19.3,0.0,13.91
11/08/2021/18/17/00,4,4,15.14,3.476,3.4799,3.4773,3.4775,0,22.7,22.7,22.4,22.7,19.27,0.0,13.91
11/08/2021/18/17/10,4,4,15.12,3.4762,3.4799,3.4774,3.4777,0,22.1,22.7,22.1,23,19.29,0.0,13.91
11/08/2021/18/17/20,4,4,15.14,3.4763,3.4801,3.4775,3.4778,0,22.1,22.4,22.4,22.7,19.29,0.0,13.91
11/08/2021/18/17/30,4,4,15.03,3.4763,3.4803,3.4776,3.4778,0,22.1,22.4,22.1,23,19.34,0.0,13.91
11/08/2021/18/17/40,4,4,15.05,3.4764,3.4803,3.4776,3.478,0,22.7,22.4,22.4,23,19.33,0.0,13.91
11/08/2021/18/17/50,4,4,15.08,3.4765,3.4805,3.4776,3.478,0,22.7,23,22.1,22.4,19.33,0.0,13.91
11/08/2021/18/18/00,4,4,15.16,3.4766,3.4807,3.4776,3.478,0,22.1,22.7,22.1,23,19.3,0.0,13.91
11/08/2021/18/18/10,4,4,15.04,3.4766,3.4808,3.4777,3.478,0,22.1,22.4,22.4,22.7,19.35,0.0,13.91
11/08/2021/18/18/20,4,4,15.15,3.4766,3.4808,3.4777,3.478,0,22.4,22.7,22.7,23,19.31,0.0,13.91
11/08/2021/18/18/30,4,4,15.16,3.4767,3.4809,3.4779,3.4781,0,22.1,22.7,22.7,22.7,19.31,0.0,13.91
11/08/2021/18/18/39,4,4,15.07,3.4768,3.4811,3.4779,3.4781,0,22.7,23,22.7,23,19.35,0.0,13.91
11/08/2021/18/18/49,4,4,15.02,3.4769,3.4812,3.4781,3.4782,0,22.1,22.4,22.7,22.7,19.38,0.0,13.91
11/08/2021/18/18/59,4,4,15.17,3.477,3.4814,3.4783,3.4783,0,22.1,23,22.4,22.7,19.32,0.0,13.92
11/08/2021/18/19/09,4,4,15.04,3.4771,3.4816,3.4785,3.4784,0,22.4,23,22.1,22.4,19.38,0.0,13.92
11/08/2021/18/19/19,4,4,15.11,3.4771,3.4816,3.4786,3.4785,0,22.1,22.4,22.4,23,19.35,0.0,13.92
11/08/2021/18/19/29,4,4,15.16,3.4771,3.4817,3.4787,3.4787,0,22.1,22.7,22.1,23,19.33,0.0,13.92
11/08/2021/18/19/39,4,4,15.14,3.4771,3.4818,3.4789,3.4787,0,22.1,22.4,22.4,22.4,19.34,0.0,13.92
11/08/2021/18/19/49,4,4,15.11,3.4772,3.4818,3.479,3.4787,0,22.7,23,22.4,22.7,19.36,0.0,13.92
11/08/2021/18/19/59,4,4,15.08,3.4773,3.482,3.4791,3.4788,0,22.7,23,22.7,23,19.38,0.0,13.92
11/08/2021/18/20/09,4,4,15.14,3.4774,3.4821,3.4792,3.4789,0,22.4,22.4,22.7,23,19.36,0.0,13.92
11/08/2021/18/20/19,4,4,15.06,3.4775,3.4822,3.4792,3.4791,0,22.1,22.7,22.7,22.4,19.4,0.0,13.92
11/08/2021/18/20/29,4,4,15.12,3.4776,3.4823,3.4793,3.4792,0,22.7,23,22.7,22.7,19.38,0.0,13.92
11/08/2021/18/20/39,4,4,15.09,3.4777,3.4825,3.4794,3.4792,0,22.1,22.7,22.4,22.4,19.4,0.0,13.92
11/08/2021/18/20/49,4,4,15.16,3.4777,3.4825,3.4795,3.4793,0,22.1,22.7,22.1,23,19.37,0.0,13.92
11/08/2021/18/20/59,4,4,15.06,3.4779,3.4825,3.4795,3.4795,0,22.1,22.4,22.7,22.4,19.42,0.0,13.92
11/08/2021/18/21/09,4,4,15.13,3.478,3.4825,3.4796,3.4797,0,22.7,22.4,22.1,23,19.4,0.0,13.92
11/08/2021/18/21/19,4,4,15.11,3.478,3.4827,3.4798,3.4797,0,22.7,22.4,22.7,22.7,19.41,0.0,13.92
11/08/2021/18/21/29,4,4,15.17,3.478,3.4828,3.48,3.4797,0,22.7,23,22.4,22.7,19.38,0.0,13.92
11/08/2021/18/21/39,4,4,15.06,3.4781,3.4829,3.4801,3.4797,0,22.4,22.7,22.7,23,19.44,0.0,13.92
11/08/2021/18/21/49,4,4,15.08,3.4782,3.4829,3.4801,3.4799,0,22.4,22.7,22.1,22.4,19.43,0.0,13.92
11/08/2021/18/21/59,4,4,15.07,3.4782,3.483,3.4801,3.48,0,22.4,22.7,22.1,23,19.44,0.0,13.92
11/08/2021/18/22/09,4,4,15.02,3.4784,3.4831,3.4802,3.4801,0,22.4,22.7,22.7,22.4,19.47,0.0,13.92
11/08/2021/18/22/19,4,4,15.03,3.4784,3.4832,3.4803,3.4802,0,22.7,22.4,22.7,22.7,19.47,0.0,13.92
11/08/2021/18/22/30,4,4,15.02,3.4786,3.4833,3.4803,3.4802,0,22.1,22.7,22.1,23,19.48,0.0,13.92
11/08/2021/18/22/40,4,4,15.11,3.4787,3.4833,3.4803,3.4803,0,22.4,22.4,22.1,22.7,19.45,0.0,13.92
11/08/2021/18/22/50,4,4,15.13,3.4787,3.4835,3.4805,3.4803,0,22.7,22.4,22.4,23,19.44,0.0,13.92
11/08/2021/18/23/00,4,4,15.11,3.4788,3.4835,3.4806,3.4804,0,22.4,22.4,22.7,22.4,19.46,0.0,13.92
11/08/2021/18/23/10,4,4,15.08,3.4788,3.4837,3.4807,3.4806,0,22.1,22.4,22.7,22.7,19.47,0.0,13.92
11/08/2021/18/23/20,4,4,15.08,3.479,3.4838,3.4808,3.4806,0,22.7,22.7,22.4,22.4,19.48,0.0,13.92
11/08/2021/18/23/30,4,4,15.04,3.4792,3.4839,3.4809,3.4806,0,22.4,22.4,22.1,22.7,19.51,0.0,13.92
11/08/2021/18/23/40,4,4,15.13,3.4793,3.4839,3.481,3.4807,0,22.7,22.4,22.1,22.4,19.48,0.0,13.92
11/08/2021/18/23/50,4,4,15.05,3.4794,3.484,3.4811,3.4809,0,22.1,22.7,22.1,22.4,19.52,0.0,13.93
11/08/2021/18/24/00,4,4,15.13,3.4796,3.4841,3.4812,3.481,0,22.7,23,22.7,22.4,19.5,0.0,13.93
11/08/2021/18/24/10,4,4,15.07,3.4796,3.4842,3.4814,3.4811,0,22.7,23,22.4,22.4,19.52,0.0,13.93
11/08/2021/18/24/20,4,4,15.1,3.4797,3.4842,3.4816,3.4811,0,22.1,22.4,22.4,22.7,19.52,0.0,13.93
11/08/2021/18/24/30,4,4,15.03,3.4797,3.4842,3.4817,3.4812,0,22.4,23,22.4,23,19.55,0.0,13.93
11/08/2021/18/24/40,4,4,15.08,3.4798,3.4843,3.4819,3.4812,0,22.4,22.7,22.1,22.4,19.53,0.0,13.93
11/08/2021/18/24/50,4,4,15.14,3.4798,3.4845,3.482,3.4812,0,22.4,22.4,22.1,22.7,19.51,0.0,13.93
11/08/2021/18/25/00,4,4,15.12,3.48,3.4847,3.4821,3.4814,0,22.7,23,22.1,22.4,19.53,0.0,13.93
11/08/2021/18/25/10,4,4,15.06,3.4801,3.4847,3.4823,3.4814,0,22.4,23,22.7,22.7,19.56,0.0,13.93
11/08/2021/18/25/20,4,4,15.1,3.4801,3.4849,3.4824,3.4815,0,22.4,22.7,22.1,23,19.54,0.0,13.93
11/08/2021/18/25/30,4,4,15.13,3.4801,3.4851,3.4824,3.4817,0,22.1,22.4,22.4,22.7,19.53,0.0,13.93
11/08/2021/18/25/40,4,4,15.07,3.4803,3.4851,3.4826,3.4819,0,22.4,22.7,22.7,22.4,19.57,0.0,13.93
11/08/2021/18/25/50,4,4,15.09,3.4804,3.4852,3.4827,3.4819,0,22.1,23,22.7,22.7,19.57,0.0,13.93
11/08/2021/18/26/00,4,4,15.09,3.4805,3.4853,3.4828,3.4821,0,22.4,23,22.7,22.4,19.57,0.0,13.93
11/08/2021/18/26/10,4,4,15.17,3.4805,3.4854,3.4829,3.4822,0,22.1,22.4,22.4,22.4,19.54,0.0,13.93
11/08/2021/18/26/20,4,4,15.11,3.4806,3.4856,3.4831,3.4823,0,22.7,22.7,22.4,22.4,19.57,0.0,13.93
11/08/2021/18/26/30,4,4,15.16,3.4807,3.4857,3.4832,3.4824,0,22.7,22.7,22.7,22.7,19.56,0.0,13.93
11/08/2021/18/26/40,4,4,15.03,3.4807,3.4858,3.4834,3.4825,0,22.4,23,22.7,22.4,19.61,0.0,13.93
11/08/2021/18/26/50,4,4,15.02,3.4809,3.4858,3.4836,3.4825,0,22.4,22.7,22.7,22.7,19.63,0.0,13.93
11/08/2021/18/27/00,4,4,15.17,3.4809,3.486,3.4838,3.4826,0,22.4,22.4,22.4,23,19.56,0.0,13.93
11/08/2021/18/27/10,4,4,15.13,3.481,3.4862,3.484,3.4828,0,22.1,22.7,22.7,22.4,19.59,0.0,13.93
11/08/2021/18/27/20,4,4,15.13,3.4811,3.4862,3.4842,3.483,0,22.7,23,22.1,22.7,19.59,0.0,13.93
11/08/2021/18/27/30,4,4,15.15,3.4812,3.4862,3.4842,3.4832,0,22.4,23,22.1,23,19.59,0.0,13.93
11/08/2021/18/27/40,4,4,15.08,3.4814,3.4863,3.4842,3.4832,0,22.7,22.7,22.4,22.4,19.63,0.0,13.94
11/08/2021/18/27/50,4,4,15.04,3.4815,3.4863,3.4842,3.4832,0,22.4,22.7,22.7,22.4,19.66,0.0,13.94
11/08/2021/18/28/00,4,4,15.16,3.4816,3.4864,3.4842,3.4833,0,22.4,22.4,22.1,22.7,19.61,0.0,13.94
11/08/2021/18/28/10,4,4,15.04,3.4817,3.4866,3.4843,3.4835,0,22.1,22.4,22.7,22.4,19.67,0.0,13.94
11/08/2021/18/28/20,4,4,15.1,3.4819,3.4868,3.4844,3.4837,0,22.4,23,22.7,22.4,19.66,0.0,13.94
11/08/2021/18/28/30,4,4,15.06,3.482,3.4869,3.4845,3.4838,0,22.7,22.4,22.4,22.7,19.68,0.0,13.94
11/08/2021/18/28/40,4,4,15.12,3.4821,3.4869,3.4846,3.4839,0,22.1,22.7,22.1,23,19.66,0.0,13.94
11/08/2021/18/28/50,4,4,15.1,3.4821,3.487,3.4846,3.4839,0,22.1,23,22.4,22.7,19.67,0.0,13.94
11/08/2021/18/29/00,4,4,15.03,3.4823,3.4871,3.4847,3.484,0,22.1,22.4,22.1,23,19.71,0.0,13.94
11/08/2021/18/29/10,4,4,15.13,3.4824,3.4871,3.4848,3.4841,0,22.1,22.7,22.7,23,19.67,0.0,13.94
11/08/2021/18/29/20,4,4,15.11,3.4826,3.4873,3.4848,3.4841,0,22.4,22.7,22.7,22.7,19.7,0.0,13.94
11/08/2021/18/29/30,4,4,15.15,3.4826,3.4873,3.485,3.4842,0,22.7,23,22.1,22.7,19.68,0.0,13.94
11/08/2021/18/29/40,4,4,15.04,3.4826,3.4874,3.4851,3.4844,0,22.7,22.4,22.7,22.7,19.72,0.0,13.94
11/08/2021/18/29/50,4,4,15.15,3.4826,3.4874,3.4852,3.4845,0,22.4,22.4,22.1,23,19.68,0.0,13.94
11/08/2021/18/30/00,4,4,15.12,3.4828,3.4874,3.4854,3.4846,0,22.7,22.7,22.4,22.7,19.7,0.0,13.94
11/08/2021/18/30/10,4,4,15.1,3.483,3.4875,3.4856,3.4848,0,22.4,22.4,22.4,23,19.72,0.0,13.94
11/08/2021/18/30/20,4,4,15.11,3.483,3.4876,3.4858,3.485,0,22.7,23,22.1,23,19.72,0.0,13.94
11/08/2021/18/30/30,4,4,15.1,3.4831,3.4877,3.486,3.485,0,22.4,23,22.7,22.7,19.73,0.0,13.94
11/08/2021/18/30/40,4,4,15.11,3.4832,3.4879,3.486,3.4851,0,22.4,22.7,22.4,23,19.73,0.0,13.94
11/08/2021/18/30/50,4,4,15.13,3.4834,3.4881,3.4862,3.4853,0,22.1,23,22.4,23,19.74,0.0,13.94
11/08/2021/18/31/00,4,4,15.17,3.4836,3.4882,3.4862,3.4853,0,22.7,22.4,22.4,23,19.73,0.0,13.94
11/08/2021/18/31/10,4,4,15.14,3.4838,3.4882,3.4862,3.4855,0,22.1,23,22.1,23,19.76,0.0,13.94
11/08/2021/18/31/20,4,4,15.1,3.4838,3.4882,3.4863,3.4856,0,22.1,22.4,22.1,22.4,19.77,0.0,13.94
11/08/2021/18/31/30,4,4,15.12,3.4838,3.4883,3.4865,3.4857,0,22.1,23,22.7,22.7,19.77,0.0,13.94
11/08/2021/18/31/40,4,4,15.17,3.4838,3.4884,3.4865,3.4859,0,22.7,23,22.1,23,19.75,0.0,13.94
11/08/2021/18/31/50,4,4,15.08,3.4839,3.4885,3.4867,3.486,0,22.1,23,22.4,23,19.79,0.0,13.95
11/08/2021/18/32/00,4,4,15.11,3.4841,3.4887,3.4867,3.4862,0,22.1,22.7,22.4,22.7,19.79,0.0,13.95
11/08/2021/18/32/10,4,4,15.12,3.4843,3.4889,3.4869,3.4863,0,22.1,23,22.4,22.7,19.8,0.0,13.95
11/08/2021/18/32/20,4,4,15.08,3.4844,3.4889,3.4871,3.4864,0,22.7,23,22.4,23,19.82,0.0,13.95
11/08/2021/18/32/30,4,4,15.15,3.4845,3.489,3.4872,3.4866,0,22.7,23,22.1,22.4,19.8,0.0,13.95
11/08/2021/18/32/40,4,4,15.12,3.4847,3.489,3.4873,3.4868,0,22.4,22.7,22.1,23,19.82,0.0,13.95
11/08/2021/18/32/50,4,4,15.15,3.4847,3.4891,3.4875,3.4869,0,22.7,23,22.7,22.4,19.81,0.0,13.95
11/08/2021/18/33/00,4,4,15.11,3.4849,3.4892,3.4877,3.487,0,22.4,22.4,22.7,22.7,19.84,0.0,13.95
11/08/2021/18/33/10,4,4,15.11,3.485,3.4892,3.4878,3.4872,0,22.1,23,22.4,23,19.85,0.0,13.95
11/08/2021/18/33/20,4,4,15.17,3.4851,3.4894,3.4878,3.4874,0,22.1,22.4,22.1,23,19.83,0.0,13.95
11/08/2021/18/33/30,4,4,15.05,3.4852,3.4896,3.4879,3.4875,0,22.1,23,22.1,22.7,19.88,0.0,13.95
11/08/2021/18/33/40,4,4,15.15,3.4852,3.4896,3.488,3.4876,0,22.1,22.7,22.7,22.7,19.84,0.0,13.95
11/08/2021/18/33/50,4,4,15.16,3.4854,3.4898,3.4881,3.4878,0,22.4,22.7,22.7,23,19.85,0.0,13.95
11/08/2021/18/34/00,4,4,15.04,3.4854,3.49,3.4882,3.488,0,22.1,22.7,22.7,23,19.9,0.0,13.95
11/08/2021/18/34/10,4,4,15.16,3.4855,3.4901,3.4882,3.4881,0,22.4,22.4,22.7,22.7,19.86,0.0,13.95
11/08/2021/18/34/20,4,4,15.13,3.4855,3.4903,3.4884,3.4881,0,22.4,23,22.7,22.7,19.87,0.0,13.95
11/08/2021/18/34/30,4,4,15.17,3.4855,3.4903,3.4886,3.4881,0,22.4,22.7,22.4,22.4,19.85,0.0,13.95
11/08/2021/18/34/40,4,4,15.08,3.4856,3.4903,3.4886,3.4883,0,22.1,22.4,22.1,22.4,19.9,0.0,13.95
11/08/2021/18/34/50,4,4,15.07,3.4856,3.4904,3.4888,3.4885,0,22.7,22.4,22.7,22.4,19.9,0.0,13.95
11/08/2021/18/35/00,4,4,15.12,3.4857,3.4904,3.4888,3.4887,0,22.4,22.7,22.4,22.4,19.89,0.0,13.95
11/08/2021/18/35/10,4,4,15.13,3.4857,3.4906,3.489,3.4888,0,22.1,22.7,22.1,22.4,19.88,0.0,13.95
11/08/2021/18/35/20,4,4,15.04,3.4858,3.4907,3.4892,3.4889,0,22.7,22.7,22.4,22.4,19.93,0.0,13.95
11/08/2021/18/35/30,4,4,15.1,3.486,3.4908,3.4894,3.489,0,22.4,23,22.4,23,19.91,0.0,13.96
11/08/2021/18/35/40,4,4,15.02,3.4862,3.491,3.4895,3.4891,0,22.4,22.4,22.1,22.7,19.96,0.0,13.96
11/08/2021/18/35/50,4,4,15.02,3.4864,3.4912,3.4896,3.4892,0,22.7,23,22.1,22.7,19.97,0.0,13.96
11/08/2021/18/36/00,4,4,15.08,3.4865,3.4914,3.4896,3.4892,0,22.4,22.7,22.4,23,19.95,0.0,13.96
11/08/2021/18/36/10,4,4,15.03,3.4866,3.4915,3.4898,3.4892,0,22.4,22.4,22.7,23,19.98,0.0,13.96
11/08/2021/18/36/20,4,4,15.16,3.4867,3.4916,3.49,3.4893,0,22.4,23,22.4,22.4,19.93,0.0,13.96
11/08/2021/18/36/30,4,4,15.1,3.4868,3.4917,3.4902,3.4894,0,22.1,22.4,22.7,22.4,19.96,0.0,13.96
11/08/2021/18/36/40,4,4,15.09,3.487,3.4917,3.4903,3.4895,0,22.1,23,22.4,23,19.98,0.0,13.96
11/08/2021/18/36/50,4,4,15.07,3.4872,3.4919,3.4905,3.4897,0,22.7,23,22.4,22.4,20,0.0,13.96
11/08/2021/18/37/00,4,4,15.05,3.4873,3.4919,3.4906,3.4899,0,22.1,23,22.4,22.4,20.02,0.0,13.96
11/08/2021/18/37/10,4,4,15.07,3.4875,3.492,3.4907,3.4899,0,22.4,22.4,22.1,22.4,20.02,0.0,13.96
11/08/2021/18/37/20,4,4,15.07,3.4876,3.4921,3.4908,3.49,0,22.1,22.4,22.1,22.4,20.03,0.0,13.96
11/08/2021/18/37/30,4,4,15.13,3.4877,3.4922,3.4909,3.4901,0,22.1,22.4,22.4,22.7,20.01,0.0,13.96
11/08/2021/18/37/40,4,4,15.04,3.4878,3.4922,3.4909,3.4902,0,22.4,22.7,22.1,22.4,20.05,0.0,13.96
11/08/2021/18/37/50,4,4,15.14,3.4879,3.4924,3.491,3.4902,0,22.1,23,22.1,22.7,20.02,0.0,13.96
11/08/2021/18/38/00,4,4,15.07,3.4879,3.4926,3.4911,3.4904,0,22.1,23,22.7,22.7,20.05,0.0,13.96
11/08/2021/18/38/10,4,4,15.11,3.488,3.4927,3.4913,3.4905,0,22.1,22.7,22.7,22.7,20.04,0.0,13.96
11/08/2021/18/38/20,4,4,15.03,3.4881,3.4928,3.4914,3.4907,0,22.4,22.7,22.7,22.7,20.08,0.0,13.96
11/08/2021/18/38/30,4,4,15.12,3.4882,3.4929,3.4915,3.4908,0,22.1,23,22.7,22.4,20.04,0.0,13.96
11/08/2021/18/38/40,4,4,15.13,3.4883,3.493,3.4915,3.4908,0,22.4,23,22.7,23,20.05,0.0,13.96
11/08/2021/18/38/50,4,4,15.03,3.4884,3.4932,3.4917,3.4909,0,22.7,22.4,22.1,22.4,20.09,0.0,13.96
11/08/2021/18/39/01,4,4,15.1,3.4884,3.4934,3.4918,3.491,0,22.1,22.7,22.4,22.4,20.07,0.0,13.96
11/08/2021/18/39/11,4,4,15.1,3.4885,3.4935,3.4918,3.491,0,22.4,22.7,22.4,22.7,20.07,0.0,13.96
11/08/2021/18/39/21,4,4,15.06,3.4887,3.4936,3.492,3.4911,0,22.4,22.4,22.4,22.7,20.1,0.0,13.97
11/08/2021/18/39/31,4,4,15.03,3.4887,3.4936,3.4921,3.4913,0,22.1,22.7,22.4,22.7,20.11,0.0,13.97
11/08/2021/18/39/41,4,4,15.07,3.4889,3.4938,3.4922,3.4914,0,22.7,23,22.4,22.7,20.11,0.0,13.97
11/08/2021/18/39/51,4,4,15.03,3.489,3.4939,3.4923,3.4914,0,22.1,23,22.4,23,20.13,0.0,13.97
11/08/2021/18/40/01,4,4,15.16,3.4891,3.4939,3.4923,3.4915,0,22.7,22.4,22.4,22.7,20.08,0.0,13.97
11/08/2021/18/40/11,4,4,15.04,3.4893,3.4939,3.4924,3.4915,0,22.7,22.7,22.4,22.4,20.15,0.0,13.97
11/08/2021/18/40/21,4,4,15.04,3.4893,3.494,3.4924,3.4915,0,22.4,22.4,22.1,22.7,20.15,0.0,13.97
11/08/2021/18/40/31,4,4,15.16,3.4893,3.4941,3.4924,3.4917,0,22.7,22.4,22.7,23,20.1,0.0,13.97
11/08/2021/18/40/41,4,4,15.13,3.4894,3.4941,3.4925,3.4918,0,22.1,22.7,22.7,22.7,20.12,0.0,13.97
11/08/2021/18/40/51,4,4,15.16,3.4894,3.4942,3.4927,3.4919,0,22.4,22.7,22.1,22.4,20.1,0.0,13.97
11/08/2021/18/41/01,4,4,15.02,3.4895,3.4942,3.4928,3.4921,0,22.1,22.7,22.1,22.4,20.17,0.0,13.97
11/08/2021/18/41/11,4,4,15.13,3.4895,3.4944,3.4928,3.4921,0,22.4,22.7,22.1,22.4,20.12,0.0,13.97
11/08/2021/18/41/21,4,4,15.13,3.4895,3.4946,3.4928,3.4921,0,22.7,23,22.4,22.7,20.12,0.0,13.97
11/08/2021/18/41/31,4,4,15.1,3.4895,3.4947,3.4929,3.4921,0,22.1,22.4,22.4,23,20.13,0.0,13.97
11/08/2021/18/41/41,4,4,15.04,3.4896,3.4949,3.493,3.4923,0,22.1,23,22.7,23,20.17,0.0,13.97
11/08/2021/18/41/51,4,4,15.15,3.4896,3.495,3.4931,3.4923,0,22.4,22.7,22.1,22.7,20.12,0.0,13.97
11/08/2021/18/42/01,4,4,15.11,3.4897,3.4951,3.4932,3.4925,0,22.4,22.7,22.4,23,20.14,0.0,13.97
11/08/2021/18/42/11,4,4,15.05,3.4898,3.4951,3.4932,3.4926,0,22.7,22.7,22.7,23,20.18,0.0,13.97
11/08/2021/18/42/21,4,4,15.14,3.4899,3.4952,3.4934,3.4928,0,22.1,23,22.1,22.7,20.14,0.0,13.97
11/08/2021/18/42/31,4,4,15.14,3.49,3.4954,3.4935,3.4929,0,22.4,22.4,22.7,22.4,20.15,0.0,13.97
11/08/2021/18/42/41,4,4,15.09,3.49,3.4954,3.4935,3.493,0,22.7,23,22.7,22.7,20.17,0.0,13.97
11/08/2021/18/42/51,4,4,15.16,3.4902,3.4954,3.4936,3.4931,0,22.7,22.4,22.4,23,20.15,0.0,13.97
11/08/2021/18/43/01,4,4,15.06,3.4903,3.4954,3.4937,3.4932,0,22.4,22.7,22.7,23,20.2,0.0,13.97
11/08/2021/18/43/11,4,4,15.05,3.4904,3.4954,3.4937,3.4933,0,22.7,23,22.4,22.7,20.21,0.0,13.97
11/08/2021/18/43/21,4,4,15.15,3.4905,3.4956,3.4939,3.4934,0,22.1,22.7,22.4,23,20.18,0.0,13.97
11/08/2021/18/43/31,4,4,15.1,3.4906,3.4957,3.4939,3.4936,0,22.7,23,22.1,22.7,20.21,0.0,13.97
11/08/2021/18/43/41,4,4,15.15,3.4908,3.4959,3.494,3.4938,0,22.7,23,22.1,22.4,20.2,0.0,13.97
11/08/2021/18/43/51,4,4,15.12,3.4909,3.4961,3.4942,3.4939,0,22.4,23,22.1,22.7,20.22,0.0,13.98
11/08/2021/18/44/01,4,4,15.05,3.4909,3.4962,3.4942,3.4939,0,22.4,22.7,22.4,22.4,20.25,0.0,13.98
11/08/2021/18/44/11,4,4,15.1,3.491,3.4964,3.4944,3.4939,0,22.4,22.4,22.1,22.7,20.23,0.0,13.98
11/08/2021/18/44/21,4,4,15.07,3.491,3.4966,3.4945,3.4939,0,22.1,22.4,22.7,22.7,20.24,0.0,13.98
11/08/2021/18/44/31,4,4,15.12,3.4912,3.4967,3.4945,3.4939,0,22.1,22.4,22.4,22.4,20.23,0.0,13.98
11/08/2021/18/44/41,4,4,15.05,3.4913,3.4968,3.4945,3.4941,0,22.7,22.4,22.7,23,20.27,0.0,13.98
11/08/2021/18/44/51,4,4,15.03,3.4915,3.4969,3.4946,3.4943,0,22.4,23,22.1,23,20.29,0.0,13.98
11/08/2021/18/45/01,4,4,15.1,3.4916,3.497,3.4947,3.4943,0,22.7,23,22.1,23,20.27,0.0,13.98
11/08/2021/18/45/11,4,4,15.1,3.4917,3.4971,3.4949,3.4944,0,22.7,23,22.4,23,20.28,0.0,13.98
11/08/2021/18/45/21,4,4,15.09,3.4918,3.4971,3.4949,3.4946,0,22.1,23,22.1,22.7,20.29,0.0,13.98
11/08/2021/18/45/31,4,4,15.12,3.4918,3.4973,3.4951,3.4948,0,22.7,22.7,22.7,22.4,20.27,0.0,13.98
11/08/2021/18/45/41,4,4,15.15,3.4918,3.4974,3.4953,3.4948,0,22.1,22.7,22.7,23,20.26,0.0,13.98
11/08/2021/18/45/51,4,4,15.12,3.492,3.4975,3.4955,3.4948,0,22.7,22.4,22.4,23,20.29,0.0,13.98
11/08/2021/18/46/01,4,4,15.08,3.4921,3.4976,3.4955,3.4949,0,22.7,22.7,22.4,22.4,20.31,0.0,13.98
11/08/2021/18/46/11,4,4,15.08,3.4923,3.4976,3.4955,3.4951,0,22.4,22.7,22.1,23,20.32,0.0,13.98
11/08/2021/18/46/21,4,4,15.13,3.4924,3.4977,3.4955,3.4952,0,22.4,22.4,22.4,23,20.31,0.0,13.98
11/08/2021/18/46/31,4,4,15.04,3.4926,3.4977,3.4956,3.4953,0,22.4,22.4,22.7,22.4,20.36,0.0,13.98
11/08/2021/18/46/41,4,4,15.07,3.4928,3.4979,3.4957,3.4954,0,22.4,22.7,22.1,23,20.36,0.0,13.98
11/08/2021/18/46/51,4,4,15.11,3.4929,3.4981,3.4957,3.4956,0,22.4,23,22.1,22.7,20.35,0.0,13.98
11/08/2021/18/47/01,4,4,15.17,3.493,3.4983,3.4959,3.4957,0,22.1,22.4,22.1,22.4,20.33,0.0,13.98
11/08/2021/18/47/11,4,4,15.09,3.4931,3.4983,3.4959,3.4959,0,22.7,22.7,22.4,22.7,20.37,0.0,13.98
11/08/2021/18/47/21,4,4,15.12,3.4932,3.4983,3.496,3.4961,0,22.4,23,22.7,22.4,20.36,0.0,13.98
11/08/2021/18/47/31,4,4,15.05,3.4933,3.4984,3.496,3.4962,0,22.7,23,22.7,22.7,20.4,0.0,13.98
11/08/2021/18/47/41,4,4,15.15,3.4933,3.4985,3.4962,3.4962,0,22.1,23,22.1,22.7,20.36,0.0,13.98
11/08/2021/18/47/51,4,4,15.16,3.4934,3.4985,3.4964,3.4963,0,22.4,22.7,22.7,22.7,20.36,0.0,13.98
11/08/2021/18/48/01,4,4,15.16,3.4935,3.4986,3.4965,3.4963,0,22.4,22.4,22.4,22.4,20.37,0.0,13.98
11/08/2021/18/48/11,4,4,15.05,3.4936,3.4987,3.4967,3.4964,0,22.1,22.4,22.7,22.7,20.42,0.0,13.99
11/08/2021/18/48/21,4,4,15.07,3.4937,3.4989,3.4968,3.4965,0,22.7,23,22.4,23,20.42,0.0,13.99
11/08/2021/18/48/31,4,4,15.09,3.4939,3.499,3.4969,3.4967,0,22.7,22.4,22.7,23,20.42,0.0,13.99
11/08/2021/18/48/41,4,4,15.02,3.494,3.499,3.497,3.4968,0,22.4,22.7,22.7,22.4,20.46,0.0,13.99
11/08/2021/18/48/51,4,4,15.08,3.4941,3.4992,3.4972,3.4969,0,22.1,22.7,22.4,23,20.44,0.0,13.99
11/08/2021/18/49/01,4,4,15.15,3.4942,3.4992,3.4973,3.497,0,22.7,22.7,22.7,22.7,20.41,0.0,13.99
11/08/2021/18/49/11,4,4,15.11,3.4944,3.4993,3.4974,3.4972,0,22.7,23,22.4,23,20.44,0.0,13.99
11/08/2021/18/49/21,4,4,15.1,3.4946,3.4995,3.4975,3.4972,0,22.7,23,22.7,22.4,20.46,0.0,13.99
11/08/2021/18/49/31,4,4,15.12,3.4946,3.4996,3.4977,3.4972,0,22.1,22.4,22.4,22.4,20.45,0.0,13.99
11/08/2021/18/49/41,4,4,15.06,3.4948,3.4996,3.4977,3.4974,0,22.4,22.4,22.7,22.4,20.49,0.0,13.99
11/08/2021/18/49/51,4,4,15.14,3.4949,3.4997,3.4979,3.4975,0,22.7,22.7,22.7,22.4,20.46,0.0,13.99
11/08/2021/18/50/01,4,4,15.02,3.4951,3.4998,3.498,3.4975,0,22.4,22.4,22.4,22.7,20.53,0.0,13.99
11/08/2021/18/50/11,4,4,15.06,3.4951,3.4999,3.4982,3.4976,0,22.4,23,22.7,22.7,20.51,0.0,13.99
11/08/2021/18/50/21,4,4,15.16,3.4952,3.5001,3.4983,3.4977,0,22.7,23,22.1,22.7,20.47,0.0,13.99
11/08/2021/18/50/31,4,4,15.05,3.4954,3.5001,3.4985,3.4977,0,22.7,22.7,22.1,22.7,20.53,0.0,13.99
11/08/2021/18/50/41,4,4,15.11,3.4955,3.5002,3.4985,3.4979,0,22.1,22.4,22.7,22.4,20.51,0.0,13.99
11/08/2021/18/50/51,4,4,15.17,3.4956,3.5004,3.4986,3.498,0,22.4,22.4,22.1,22.7,20.5,0.0,13.99
11/08/2021/18/51/01,4,4,15.07,3.4957,3.5005,3.4987,3.4982,0,22.1,23,22.1,22.4,20.54,0.0,13.99
11/08/2021/18/51/11,4,4,15.15,3.4958,3.5005,3.4988,3.4983,0,22.7,22.4,22.7,23,20.52,0.0,13.99
11/08/2021/18/51/21,4,4,15.08,3.496,3.5007,3.4989,3.4985,0,22.7,22.7,22.7,23,20.56,0.0,13.99
11/08/2021/18/51/31,4,4,15.09,3.4962,3.5007,3.4989,3.4985,0,22.7,23,22.1,22.7,20.57,0.0,13.99
11/08/2021/18/51/41,4,4,15.03,3.4962,3.5009,3.4991,3.4986,0,22.7,23,22.7,23,20.59,0.0,13.99
11/08/2021/18/51/51,4,4,15.06,3.4963,3.501,3.4993,3.4987,0,22.1,22.4,22.7,22.4,20.59,0.0,14
11/08/2021/18/52/01,4,4,15.09,3.4964,3.501,3.4994,3.4987,0,22.1,22.7,22.1,22.4,20.58,0.0,14
11/08/2021/18/52/11,4,4,15.16,3.4966,3.5012,3.4996,3.4989,0,22.4,23,22.4,22.7,20.56,0.0,14
11/08/2021/18/52/21,4,4,15.11,3.4967,3.5014,3.4997,3.4989,0,22.1,22.4,22.7,22.7,20.59,0.0,14
11/08/2021/18/52/31,4,4,15.09,3.4968,3.5015,3.4998,3.499,0,22.4,23,22.7,22.7,20.61,0.0,14
11/08/2021/18/52/41,4,4,15.13,3.4969,3.5017,3.4999,3.4991,0,22.1,22.7,22.7,22.4,20.6,0.0,14
11/08/2021/18/52/51,4,4,15.08,3.497,3.5019,3.5001,3.4992,0,22.7,23,22.4,23,20.62,0.0,14
11/08/2021/18/53/01,4,4,15.16,3.4972,3.5019,3.5003,3.4992,0,22.7,22.4,22.1,23,20.6,0.0,14
11/08/2021/18/53/11,4,4,15.06,3.4973,3.5019,3.5003,3.4993,0,22.1,23,22.7,22.7,20.65,0.0,14
11/08/2021/18/53/21,4,4,15.12,3.4975,3.502,3.5005,3.4994,0,22.4,22.7,22.1,22.7,20.64,0.0,14
11/08/2021/18/53/31,4,4,15.03,3.4976,3.5021,3.5007,3.4996,0,22.7,22.4,22.4,22.4,20.68,0.0,14
11/08/2021/18/53/41,4,4,15.04,3.4977,3.5023,3.5008,3.4997,0,22.7,23,22.4,22.4,20.69,0.0,14
11/08/2021/18/53/51,4,4,15.12,3.4979,3.5023,3.501,3.4998,0,22.7,23,22.1,22.7,20.67,0.0,14
11/08/2021/18/54/01,4,4,15.09,3.498,3.5023,3.5012,3.4999,0,22.1,22.7,22.1,22.4,20.69,0.0,14
11/08/2021/18/54/11,4,4,15.15,3.4981,3.5023,3.5013,3.5,0,22.4,23,22.7,23,20.67,0.0,14
11/08/2021/18/54/21,4,4,15.02,3.4981,3.5025,3.5014,3.5002,0,22.4,22.7,22.1,23,20.72,0.0,14
11/08/2021/18/54/31,4,4,15.15,3.4982,3.5026,3.5015,3.5003,0,22.1,23,22.4,23,20.67,0.0,14
11/08/2021/18/54/41,4,4,15.11,3.4984,3.5028,3.5015,3.5004,0,22.7,22.7,22.7,23,20.7,0.0,14
11/08/2021/18/54/51,4,4,15.06,3.4985,3.5029,3.5017,3.5005,0,22.1,22.4,22.7,22.7,20.73,0.0,14
11/08/2021/18/55/01,4,4,15.11,3.4986,3.503,3.5017,3.5005,0,22.4,23,22.4,22.7,20.72,0.0,14
11/08/2021/18/55/11,4,4,15.13,3.4988,3.5031,3.5018,3.5007,0,22.1,22.4,22.1,22.4,20.72,0.0,14
11/08/2021/18/55/21,4,4,15.11,3.499,3.5031,3.502,3.5008,0,22.4,22.7,22.4,22.7,20.74,0.0,14
11/08/2021/18/55/32,4,4,15.04,3.499,3.5033,3.502,3.5008,0,22.4,22.4,22.4,22.4,20.77,0.0,14.01
11/08/2021/18/55/42,4,4,15.16,3.4991,3.5033,3.5021,3.5008,0,22.7,23,22.7,23,20.73,0.0,14.01
11/08/2021/18/55/52,4,4,15.12,3.4993,3.5034,3.5022,3.501,0,22.7,23,22.7,23,20.76,0.0,14.01
11/08/2021/18/56/02,4,4,15.03,3.4995,3.5034,3.5022,3.501,0,22.1,22.7,22.4,22.7,20.81,0.0,14.01
11/08/2021/18/56/12,4,4,15.03,3.4995,3.5035,3.5023,3.501,0,22.7,22.4,22.4,22.7,20.81,0.0,14.01
11/08/2021/18/56/22,4,4,15.14,3.4996,3.5037,3.5024,3.5012,0,22.7,22.7,22.7,23,20.77,0.0,14.01
11/08/2021/18/56/32,4,4,15.02,3.4996,3.5038,3.5025,3.5014,0,22.1,22.4,22.1,22.7,20.82,0.0,14.01
11/08/2021/18/56/42,4,4,15.11,3.4996,3.504,3.5027,3.5015,0,22.1,22.7,22.4,22.7,20.78,0.0,14.01
11/08/2021/18/56/52,4,4,15.14,3.4998,3.5042,3.5028,3.5015,0,22.4,23,22.7,22.4,20.78,0.0,14.01
11/08/2021/18/57/02,4,4,15.05,3.5,3.5043,3.5029,3.5015,0,22.7,23,22.4,22.4,20.83,0.0,14.01
11/08/2021/18/57/12,4,4,15.16,3.5001,3.5043,3.503,3.5016,0,22.4,22.7,22.7,22.4,20.79,0.0,14.01
11/08/2021/18/57/22,4,4,15.1,3.5001,3.5043,3.5031,3.5017,0,22.7,23,22.4,23,20.82,0.0,14.01
11/08/2021/18/57/32,4,4,15.11,3.5003,3.5044,3.5031,3.5019,0,22.1,23,22.4,22.4,20.83,0.0,14.01
11/08/2021/18/57/42,4,4,15.14,3.5004,3.5045,3.5031,3.502,0,22.7,22.4,22.1,22.4,20.82,0.0,14.01
11/08/2021/18/57/52,4,4,15.17,3.5005,3.5045,3.5032,3.5021,0,22.7,22.7,22.1,22.7,20.81,0.0,14.01
11/08/2021/18/58/02,4,4,15.16,3.5006,3.5046,3.5034,3.5022,0,22.4,22.7,22.1,22.7,20.82,0.0,14.01
11/08/2021/18/58/12,4,4,15.09,3.5007,3.5047,3.5034,3.5022,0,22.4,22.7,22.7,22.4,20.86,0.0,14.01
11/08/2021/18/58/22,4,4,15.17,3.5008,3.5048,3.5034,3.5024,0,22.4,23,22.1,22.7,20.83,0.0,14.01
11/08/2021/18/58/32,4,4,15.1,3.5009,3.5048,3.5035,3.5025,0,22.7,23,22.4,22.4,20.87,0.0,14.01
11/08/2021/18/58/42,4,4,15.03,3.5009,3.5049,3.5036,3.5027,0,22.1,22.4,22.4,22.4,20.9,0.0,14.01
11/08/2021/18/58/52,4,4,15.1,3.5011,3.505,3.5037,3.5028,0,22.7,22.7,22.4,22.7,20.88,0.0,14.01
11/08/2021/18/59/02,4,4,15.02,3.5013,3.505,3.5039,3.503,0,22.1,22.7,22.7,23,20.93,0.0,14.01
11/08/2021/18/59/12,4,4,15.13,3.5015,3.5051,3.504,3.5031,0,22.4,22.4,22.1,22.4,20.9,0.0,14.01
11/08/2021/18/59/22,4,4,15.12,3.5015,3.5053,3.5042,3.5033,0,22.7,22.7,22.1,22.7,20.9,0.0,14.01
11/08/2021/18/59/32,4,4,15.07,3.5016,3.5053,3.5043,3.5034,0,22.7,22.4,22.1,22.4,20.93,0.0,14.01
11/08/2021/18/59/42,4,4,15.13,3.5018,3.5054,3.5043,3.5035,0,22.4,23,22.4,22.7,20.92,0.0,14.02
11/08/2021/18/59/52,4,4,15.11,3.5018,3.5056,3.5043,3.5035,0,22.1,23,22.1,22.7,20.92,0.0,14.02
11/08/2021/19/00/02,4,4,15.07,3.5019,3.5056,3.5044,3.5037,0,22.4,22.7,22.1,23,20.95,0.0,14.02
11/08/2021/19/00/12,4,4,15.12,3.502,3.5058,3.5045,3.5039,0,22.7,22.7,22.4,22.7,20.93,0.0,14.02
11/08/2021/19/00/22,4,4,15.04,3.5021,3.5059,3.5045,3.5041,0,22.4,22.7,22.7,22.7,20.97,0.0,14.02
11/08/2021/19/00/32,4,4,15.07,3.5023,3.506,3.5047,3.5043,0,22.1,23,22.4,23,20.97,0.0,14.02
11/08/2021/19/00/42,4,4,15.09,3.5025,3.5061,3.5048,3.5044,0,22.7,23,22.4,22.7,20.98,0.0,14.02
11/08/2021/19/00/52,4,4,15.05,3.5026,3.5062,3.505,3.5045,0,22.7,23,22.4,23,21,0.0,14.02
11/08/2021/19/01/02,4,4,15.06,3.5026,3.5062,3.5051,3.5046,0,22.4,23,22.4,22.4,21,0.0,14.02
11/08/2021/19/01/12,4,4,15.06,3.5026,3.5064,3.5052,3.5047,0,22.1,22.4,22.7,22.4,21,0.0,14.02
11/08/2021/19/01/22,4,4,15.17,3.5028,3.5065,3.5053,3.5047,0,22.7,22.7,22.4,23,20.96,0.0,14.02
11/08/2021/19/01/32,4,4,15.14,3.503,3.5066,3.5055,3.5047,0,22.4,22.7,22.7,22.7,20.99,0.0,14.02
11/08/2021/19/01/42,4,4,15.13,3.503,3.5068,3.5057,3.5048,0,22.1,22.4,22.7,23,20.99,0.0,14.02
11/08/2021/19/01/52,4,4,15.17,3.5032,3.5068,3.5057,3.5049,0,22.7,23,22.7,22.4,20.99,0.0,14.02
11/08/2021/19/02/02,4,4,15.08,3.5032,3.507,3.5059,3.5051,0,22.1,22.4,22.4,22.7,21.03,0.0,14.02
11/08/2021/19/02/12,4,4,15.03,3.5032,3.5071,3.5059,3.5051,0,22.1,23,22.4,23,21.05,0.0,14.02
11/08/2021/19/02/22,4,4,15.11,3.5033,3.5072,3.506,3.5052,0,22.1,23,22.4,22.4,21.02,0.0,14.02
11/08/2021/19/02/32,4,4,15.12,3.5033,3.5072,3.5061,3.5054,0,22.4,23,22.4,23,21.02,0.0,14.02
11/08/2021/19/02/42,4,4,15.09,3.5035,3.5073,3.5063,3.5055,0,22.1,22.7,22.4,23,21.04,0.0,14.02
11/08/2021/19/02/52,4,4,15.08,3.5036,3.5074,3.5065,3.5056,0,22.1,23,22.7,22.7,21.05,0.0,14.02
11/08/2021/19/03/02,4,4,15.12,3.5036,3.5074,3.5067,3.5057,0,22.4,22.4,22.4,23,21.04,0.0,14.02
11/08/2021/19/03/12,4,4,15.05,3.5038,3.5074,3.5069,3.5058,0,22.1,23,22.1,22.7,21.08,0.0,14.02
11/08/2021/19/03/22,4,4,15.09,3.504,3.5074,3.5071,3.506,0,22.4,23,22.7,23,21.08,0.0,14.02
11/08/2021/19/03/32,4,4,15.03,3.5041,3.5074,3.5072,3.506,0,22.7,22.4,22.1,22.4,21.11,0.0,14.02
11/08/2021/19/03/42,4,4,15.1,3.5042,3.5074,3.5072,3.5062,0,22.7,22.4,22.7,22.7,21.09,0.0,14.03
11/08/2021/19/03/52,4,4,15.04,3.5044,3.5075,3.5072,3.5063,0,22.1,22.4,22.4,22.4,21.12,0.0,14.03
11/08/2021/19/04/02,4,4,15.13,3.5045,3.5076,3.5073,3.5064,0,22.7,23,22.1,22.7,21.09,0.0,14.03
11/08/2021/19/04/12,4,4,15.05,3.5046,3.5078,3.5074,3.5066,0,22.7,23,22.1,22.7,21.13,0.0,14.03
11/08/2021/19/04/22,4,4,15.07,3.5047,3.5079,3.5074,3.5066,0,22.4,23,22.4,22.4,21.13,0.0,14.03
11/08/2021/19/04/32,4,4,15.06,3.5049,3.5079,3.5075,3.5068,0,22.4,22.4,22.4,22.7,21.15,0.0,14.03
11/08/2021/19/04/42,4,4,15.09,3.5051,3.5081,3.5076,3.5068,0,22.4,22.4,22.7,23,21.15,0.0,14.03
11/08/2021/19/04/52,4,4,15.04,3.5052,3.5083,3.5076,3.507,0,22.7,22.7,22.7,22.4,21.18,0.0,14.03
11/08/2021/19/05/02,4,4,15.16,3.5052,3.5084,3.5076,3.5072,0,22.7,22.4,22.7,22.4,21.13,0.0,14.03
11/08/2021/19/05/12,4,4,15.11,3.5054,3.5086,3.5077,3.5074,0,22.4,22.4,22.1,23,21.16,0.0,14.03
11/08/2021/19/05/22,4,4,15.12,3.5055,3.5088,3.5077,3.5075,0,22.1,23,22.1,22.4,21.16,0.0,14.03
11/08/2021/19/05/32,4,4,15.1,3.5056,3.509,3.5078,3.5077,0,22.1,22.4,22.1,22.7,21.18,0.0,14.03
11/08/2021/19/05/42,4,4,15.16,3.5057,3.5092,3.508,3.5078,0,22.1,22.4,22.4,22.7,21.16,0.0,14.03
11/08/2021/19/05/52,4,4,15.15,3.5058,3.5093,3.508,3.508,0,22.1,22.7,22.4,22.7,21.17,0.0,14.03
11/08/2021/19/06/02,4,4,15.14,3.5059,3.5094,3.5081,3.5081,0,22.1,22.4,22.7,22.4,21.18,0.0,14.03
11/08/2021/19/06/12,4,4,15.08,3.506,3.5095,3.5083,3.5082,0,22.7,23,22.4,22.7,21.21,0.0,14.03
11/08/2021/19/06/22,4,4,15.11,3.5062,3.5096,3.5084,3.5084,0,22.1,22.7,22.4,22.4,21.21,0.0,14.03
11/08/2021/19/06/32,4,4,15.13,3.5062,3.5097,3.5085,3.5086,0,22.4,22.7,22.4,22.7,21.2,0.0,14.03
11/08/2021/19/06/42,4,4,15.12,3.5063,3.5099,3.5086,3.5087,0,22.7,22.4,22.7,22.7,21.22,0.0,14.03
11/08/2021/19/06/52,4,4,15.05,3.5065,3.51,3.5087,3.5087,0,22.4,22.4,22.4,23,21.26,0.0,14.03
11/08/2021/19/07/02,4,4,15.07,3.5066,3.5101,3.5089,3.5087,0,22.7,22.4,22.7,22.7,21.26,0.0,14.03
11/08/2021/19/07/12,4,4,15.04,3.5068,3.5103,3.5089,3.5087,0,22.4,22.7,22.1,22.4,21.28,0.0,14.03
11/08/2021/19/07/22,4,4,15.07,3.5069,3.5103,3.5091,3.5088,0,22.7,22.7,22.7,22.7,21.28,0.0,14.04
11/08/2021/19/07/32,4,4,15.14,3.507,3.5104,3.5092,3.5088,0,22.4,22.4,22.4,23,21.25,0.0,14.04
11/08/2021/19/07/42,4,4,15.1,3.507,3.5104,3.5094,3.509,0,22.1,22.4,22.1,23,21.27,0.0,14.04
11/08/2021/19/07/52,4,4,15.12,3.5071,3.5104,3.5095,3.5091,0,22.4,22.7,22.4,22.4,21.27,0.0,14.04
11/08/2021/19/08/02,4,4,15.13,3.5072,3.5105,3.5096,3.5091,0,22.1,22.7,22.4,22.4,21.27,0.0,14.04
11/08/2021/19/08/12,4,4,15.16,3.5073,3.5105,3.5096,3.5091,0,22.7,23,22.4,22.7,21.26,0.0,14.04
11/08/2021/19/08/22,4,4,15.02,3.5075,3.5106,3.5096,3.5093,0,22.7,22.7,22.7,22.4,21.34,0.0,14.04
11/08/2021/19/08/32,4,4,15.12,3.5077,3.5108,3.5097,3.5095,0,22.7,22.4,22.4,22.7,21.31,0.0,14.04
11/08/2021/19/08/42,4,4,15.14,3.5077,3.5109,3.5098,3.5096,0,22.7,23,22.7,23,21.3,0.0,14.04
11/08/2021/19/08/52,4,4,15.11,3.5079,3.511,3.5098,3.5096,0,22.4,23,22.4,23,21.33,0.0,14.04
11/08/2021/19/09/02,4,4,15.11,3.508,3.5111,3.5098,3.5096,0,22.7,23,22.1,22.4,21.33,0.0,14.04
11/08/2021/19/09/12,4,4,15.16,3.5081,3.5112,3.5099,3.5096,0,22.1,22.7,22.4,22.4,21.32,0.0,14.04
11/08/2021/19/09/22,4,4,15.1,3.5082,3.5113,3.5099,3.5097,0,22.4,23,22.4,23,21.35,0.0,14.04
11/08/2021/19/09/32,4,4,15.13,3.5082,3.5114,3.5101,3.5099,0,22.7,23,22.1,23,21.34,0.0,14.04
11/08/2021/19/09/42,4,4,15.03,3.5084,3.5115,3.5102,3.5101,0,22.1,22.7,22.4,23,21.39,0.0,14.04
11/08/2021/19/09/52,4,4,15.1,3.5086,3.5117,3.5102,3.5101,0,22.7,22.7,22.1,23,21.38,0.0,14.04
11/08/2021/19/10/02,4,4,15.17,3.5087,3.5118,3.5104,3.5102,0,22.7,23,22.7,22.7,21.35,0.0,14.04
11/08/2021/19/10/12,4,4,15.11,3.5089,3.5119,3.5105,3.5102,0,22.7,23,22.7,22.4,21.39,0.0,14.04
11/08/2021/19/10/22,4,4,15.05,3.509,3.5121,3.5105,3.5104,0,22.7,22.7,22.7,23,21.42,0.0,14.04
11/08/2021/19/10/32,4,4,15.02,3.509,3.5122,3.5107,3.5105,0,22.7,23,22.1,22.7,21.44,0.0,14.04
11/08/2021/19/10/42,4,4,15.09,3.5092,3.5124,3.5107,3.5106,0,22.1,22.4,22.4,23,21.42,0.0,14.04
11/08/2021/19/10/52,4,4,15.13,3.5093,3.5126,3.5107,3.5107,0,22.1,22.7,22.7,22.7,21.41,0.0,14.04
11/08/2021/19/11/02,4,4,15.13,3.5094,3.5126,3.5108,3.5107,0,22.1,22.7,22.7,23,21.42,0.0,14.04
11/08/2021/19/11/12,4,4,15.11,3.5095,3.5126,3.5109,3.5108,0,22.7,22.4,22.1,22.4,21.43,0.0,14.04
11/08/2021/19/11/22,4,4,15.07,3.5096,3.5127,3.511,3.5109,0,22.7,23,22.7,22.4,21.46,0.0,14.04
11/08/2021/19/11/32,4,4,15.13,3.5098,3.5129,3.5111,3.5109,0,22.4,22.7,22.1,22.7,21.44,0.0,14.04
11/08/2021/19/11/42,4,4,15.02,3.51,3.513,3.5113,3.5111,0,22.7,22.4,22.1,23,21.5,0.0,14.05
11/08/2021/19/11/52,4,4,15.1,3.5102,3.5131,3.5114,3.5111,0,22.1,23,22.1,23,21.48,0.0,14.05
11/08/2021/19/12/02,4,4,15.13,3.5103,3.5133,3.5115,3.5113,0,22.1,23,22.7,23,21.48,0.0,14.05
11/08/2021/19/12/12,4,4,15.12,3.5104,3.5135,3.5116,3.5114,0,22.1,22.4,22.1,22.7,21.49,0.0,14.05
11/08/2021/19/12/23,4,4,15.07,3.5106,3.5136,3.5118,3.5116,0,22.1,23,22.1,23,21.52,0.0,14.05
11/08/2021/19/12/33,4,4,15.15,3.5107,3.5138,3.5119,3.5118,0,22.7,22.7,22.7,22.7,21.49,0.0,14.05
11/08/2021/19/12/43,4,4,15.04,3.5108,3.514,3.5119,3.5119,0,22.7,22.4,22.7,22.4,21.55,0.0,14.05
11/08/2021/19/12/53,4,4,15.11,3.5109,3.5141,3.512,3.512,0,22.7,22.7,22.1,23,21.52,0.0,14.05
11/08/2021/19/13/03,4,4,15.12,3.5111,3.5143,3.5121,3.5121,0,22.4,22.4,22.4,23,21.53,0.0,14.05
11/08/2021/19/13/13,4,4,15.1,3.5113,3.5144,3.5123,3.5123,0,22.1,23,22.7,22.7,21.56,0.0,14.05
11/08/2021/19/13/23,4,4,15.13,3.5115,3.5145,3.5123,3.5124,0,22.7,22.7,22.1,22.7,21.56,0.0,14.05
11/08/2021/19/13/33,4,4,15.14,3.5116,3.5146,3.5125,3.5126,0,22.7,22.7,22.7,22.7,21.56,0.0,14.05
11/08/2021/19/13/43,4,4,15.1,3.5116,3.5147,3.5126,3.5128,0,22.7,22.4,22.4,23,21.58,0.0,14.05
11/08/2021/19/13/53,4,4,15.15,3.5117,3.5147,3.5126,3.5129,0,22.7,22.4,22.4,23,21.56,0.0,14.05
11/08/2021/19/14/03,4,4,15.17,3.5119,3.5147,3.5127,3.513,0,22.7,23,22.7,22.7,21.56,0.0,14.05
11/08/2021/19/14/13,4,4,15.15,3.512,3.5149,3.5129,3.513,0,22.7,23,22.4,22.7,21.58,0.0,14.05
11/08/2021/19/14/23,4,4,15.17,3.5122,3.5151,3.5129,3.5131,0,22.4,23,22.7,23,21.58,0.0,14.05
11/08/2021/19/14/33,4,4,15.08,3.5122,3.5151,3.513,3.5132,0,22.4,22.4,22.4,22.4,21.62,0.0,14.05
11/08/2021/19/14/43,4,4,15.1,3.5124,3.5151,3.5131,3.5132,0,22.4,23,22.4,22.4,21.63,0.0,14.05
11/08/2021/19/14/53,4,4,15.13,3.5124,3.5153,3.5132,3.5132,0,22.4,22.4,22.7,23,21.62,0.0,14.05
11/08/2021/19/15/03,4,4,15.13,3.5125,3.5154,3.5134,3.5133,0,22.4,23,22.1,22.4,21.62,0.0,14.05
11/08/2021/19/15/13,4,4,15.17,3.5125,3.5154,3.5135,3.5134,0,22.7,23,22.1,22.4,21.6,0.0,14.05
11/08/2021/19/15/23,4,4,15.06,3.5126,3.5155,3.5136,3.5135,0,22.1,22.7,22.7,22.4,21.66,0.0,14.06
11/08/2021/19/15/33,4,4,15.05,3.5126,3.5157,3.5138,3.5136,0,22.1,22.7,22.4,23,21.66,0.0,14.06
11/08/2021/19/15/43,4,4,15.15,3.5128,3.5158,3.514,3.5137,0,22.4,23,22.4,22.4,21.63,0.0,14.06
11/08/2021/19/15/53,4,4,15.03,3.5129,3.5159,3.5142,3.5139,0,22.7,22.7,22.7,22.7,21.69,0.0,14.06
11/08/2021/19/16/03,4,4,15.04,3.5131,3.5161,3.5144,3.5139,0,22.4,22.7,22.4,23,21.7,0.0,14.06
11/08/2021/19/16/13,4,4,15.06,3.5133,3.5163,3.5144,3.514,0,22.1,22.7,22.4,22.4,21.71,0.0,14.06
11/08/2021/19/16/23,4,4,15.14,3.5133,3.5164,3.5145,3.5141,0,22.4,23,22.4,23,21.67,0.0,14.06
11/08/2021/19/16/33,4,4,15.08,3.5134,3.5165,3.5146,3.5143,0,22.4,23,22.7,23,21.7,0.0,14.06
11/08/2021/19/16/43,4,4,15.05,3.5135,3.5166,3.5146,3.5144,0,22.4,23,22.4,23,21.72,0.0,14.06
11/08/2021/19/16/53,4,4,15.02,3.5136,3.5168,3.5147,3.5146,0,22.7,22.4,22.7,22.7,21.74,0.0,14.06
11/08/2021/19/17/03,4,4,15.14,3.5138,3.5169,3.5149,3.5147,0,22.1,22.7,22.7,22.7,21.71,0.0,14.06
11/08/2021/19/17/13,4,4,15.11,3.514,3.5171,3.515,3.5147,0,22.1,22.4,22.4,22.4,21.73,0.0,14.06
11/08/2021/19/17/23,4,4,15.17,3.5142,3.5173,3.515,3.5149,0,22.7,23,22.7,22.7,21.72,0.0,14.06
11/08/2021/19/17/33,4,4,15.07,3.5143,3.5174,3.515,3.515,0,22.1,22.4,22.4,22.4,21.77,0.0,14.06
11/08/2021/19/17/43,4,4,15.04,3.5144,3.5175,3.5151,3.5151,0,22.4,22.7,22.1,23,21.79,0.0,14.06
11/08/2021/19/17/53,4,4,15.13,3.5144,3.5176,3.5153,3.5153,0,22.1,22.4,22.4,22.7,21.75,0.0,14.06
11/08/2021/19/18/03,4,4,15.03,3.5144,3.5176,3.5155,3.5154,0,22.4,22.7,22.1,22.4,21.79,0.0,14.06
11/08/2021/19/18/13,4,4,15.07,3.5145,3.5176,3.5157,3.5154,0,22.4,23,22.1,22.4,21.78,0.0,14.06
11/08/2021/19/18/23,4,4,15.13,3.5147,3.5177,3.5159,3.5155,0,22.4,22.7,22.4,23,21.77,0.0,14.06
11/08/2021/19/18/33,4,4,15.15,3.5147,3.5178,3.516,3.5156,0,22.4,22.4,22.7,22.4,21.76,0.0,14.06
11/08/2021/19/18/43,4,4,15.12,3.5147,3.518,3.5161,3.5156,0,22.4,23,22.4,23,21.77,0.0,14.06
11/08/2021/19/18/53,4,4,15.12,3.5148,3.5181,3.5163,3.5157,0,22.4,23,22.4,23,21.78,0.0,14.06
11/08/2021/19/19/03,4,4,15.1,3.515,3.5181,3.5163,3.5159,0,22.4,22.7,22.1,22.4,21.8,0.0,14.07
11/08/2021/19/19/13,4,4,15.07,3.5151,3.5181,3.5164,3.5161,0,22.4,22.4,22.1,22.4,21.82,0.0,14.07
11/08/2021/19/19/23,4,4,15.12,3.5153,3.5181,3.5165,3.5163,0,22.1,23,22.1,22.4,21.81,0.0,14.07
11/08/2021/19/19/33,4,4,15.15,3.5153,3.5183,3.5165,3.5165,0,22.7,22.7,22.1,22.4,21.8,0.0,14.07
11/08/2021/19/19/43,4,4,15.08,3.5153,3.5184,3.5165,3.5166,0,22.4,22.7,22.1,22.7,21.83,0.0,14.07
11/08/2021/19/19/53,4,4,15.13,3.5153,3.5186,3.5167,3.5167,0,22.1,22.7,22.4,22.4,21.81,0.0,14.07
11/08/2021/19/20/03,4,4,15.07,3.5153,3.5188,3.5167,3.5168,0,22.7,23,22.7,22.4,21.84,0.0,14.07
11/08/2021/19/20/13,4,4,15.05,3.5154,3.5189,3.5168,3.5168,0,22.1,23,22.1,22.7,21.85,0.0,14.07
11/08/2021/19/20/23,4,4,15.04,3.5154,3.519,3.5168,3.5169,0,22.7,22.4,22.1,22.7,21.86,0.0,14.07
11/08/2021/19/20/33,4,4,15.13,3.5155,3.5192,3.5169,3.517,0,22.7,23,22.7,23,21.82,0.0,14.07
11/08/2021/19/20/43,4,4,15.09,3.5156,3.5194,3.517,3.517,0,22.1,23,22.7,22.4,21.85,0.0,14.07
11/08/2021/19/20/53,4,4,15.12,3.5157,3.5195,3.5172,3.5171,0,22.1,23,22.7,23,21.84,0.0,14.07
11/08/2021/19/21/03,4,4,15.03,3.5158,3.5196,3.5173,3.5172,0,22.7,22.7,22.7,22.7,21.89,0.0,14.07
11/08/2021/19/21/13,4,4,15.08,3.5158,3.5196,3.5175,3.5173,0,22.1,22.4,22.4,23,21.87,0.0,14.07
11/08/2021/19/21/23,4,4,15.09,3.5158,3.5198,3.5176,3.5174,0,22.1,22.7,22.4,22.4,21.86,0.0,14.07
11/08/2021/19/21/33,4,4,15.11,3.5158,3.5199,3.5176,3.5174,0,22.1,22.4,22.4,23,21.85,0.0,14.07
11/08/2021/19/21/43,4,4,15.03,3.516,3.52,3.5177,3.5175,0,22.7,23,22.1,22.4,21.9,0.0,14.07
11/08/2021/19/21/53,4,4,15.05,3.5161,3.5202,3.5178,3.5175,0,22.1,22.7,22.4,22.4,21.9,0.0,14.07
11/08/2021/19/22/03,4,4,15.05,3.5162,3.5203,3.518,3.5177,0,22.4,22.4,22.4,23,21.91,0.0,14.07
11/08/2021/19/22/13,4,4,15.11,3.5163,3.5203,3.5182,3.5178,0,22.4,22.7,22.7,22.7,21.89,0.0,14.07
11/08/2021/19/22/23,4,4,15.13,3.5164,3.5204,3.5184,3.5179,0,22.7,23,22.4,22.4,21.88,0,14.07
11/08/2021/19/22/33,4,4,15.12,3.5165,3.5204,3.5186,3.5181,0,22.7,22.4,22.7,23,21.9,0,14.07
11/08/2021/19/22/43,4,4,15.09,3.5167,3.5206,3.5187,3.5183,0,22.1,22.4,22.7,23,21.92,0,14.07
11/08/2021/19/22/53,4,4,15.02,3.5168,3.5206,3.5188,3.5184,0,22.1,22.4,22.1,22.4,21.96,,14.07
11/08/2021/19/23/03,4,4,15.17,3.5169,3.5207,3.5188,3.5184,0,22.1,22.4,22.7,23,21.9,,14.07
11/08/2021/19/23/13,4,4,15.06,3.5171,3.5208,3.519,3.5185,0,22.1,22.7,22.4,22.7,21.96,,14.08
11/08/2021/19/23/23,4,4,15.07,3.5173,3.5209,3.5191,3.5187,0,22.4,22.7,22.4,23,21.97,,14.08
11/08/2021/19/23/33,4,4,15.17,3.5174,3.5211,3.5193,3.5188,0,22.7,23,22.7,22.7,21.93,,14.08
11/08/2021/19/23/43,4,4,15.09,3.5175,3.5212,3.5194,3.519,0,22.4,22.7,22.4,22.4,21.98,,14.08
11/08/2021/19/23/53,4,4,15.03,3.5175,3.5212,3.5195,3.5192,0,22.7,22.7,22.1,22.7,22,,14.08
11/08/2021/19/24/03,4,4,15.16,3.5175,3.5213,3.5195,3.5194,0,22.1,22.4,22.4,23,21.95,,14.08
11/08/2021/19/24/13,4,4,15.09,3.5176,3.5215,3.5195,3.5194,0,22.1,22.7,22.1,23,21.98,,14.08
11/08/2021/19/24/23,4,4,15.04,3.5177,3.5216,3.5196,3.5194,0,22.4,22.4,22.4,22.7,22.01,,14.08
11/08/2021/19/24/33,4,4,15.05,3.5178,3.5217,3.5198,3.5195,0,22.1,22.4,22.7,22.4,22.01,,14.08
11/08/2021/19/24/43,4,4,15.17,3.5179,3.5219,3.52,3.5195,0,22.1,22.4,22.7,22.7,21.97,,14.08
11/08/2021/19/24/53,4,4,15.11,3.5179,3.5219,3.52,3.5196,0,22.7,22.7,22.1,22.7,21.99,,14.08
11/08/2021/19/25/03,4,4,15.06,3.5181,3.522,3.5201,3.5198,0,22.1,22.4,22.4,22.7,22.03,,14.08
11/08/2021/19/25/13,4,4,15.04,3.5182,3.5221,3.5201,3.52,0,22.7,22.7,22.7,23,22.05,,14.08
11/08/2021/19/25/23,4,4,15.07,3.5183,3.5222,3.5202,3.5201,0,22.4,22.7,22.1,22.4,22.04,,14.08
11/08/2021/19/25/33,4,4,15.14,3.5184,3.5223,3.5203,3.5202,0,22.4,23,22.1,22.7,22.02,,14.08
11/08/2021/19/25/43,4,4,15.02,3.5186,3.5224,3.5204,3.5204,0,22.4,22.7,22.1,22.7,22.08,,14.08
11/08/2021/19/25/53,4,4,15.11,3.5186,3.5226,3.5204,3.5204,0,22.7,22.4,22.4,22.4,22.04,,14.08
11/08/2021/19/26/03,4,4,15.12,3.5186,3.5226,3.5206,3.5205,0,22.1,23,22.4,22.7,22.04,,14.08
11/08/2021/19/26/13,4,4,15.16,3.5188,3.5227,3.5206,3.5206,0,22.1,23,22.1,23,22.03,,14.08
11/08/2021/19/26/23,4,4,15.03,3.519,3.5227,3.5206,3.5207,0,22.4,22.4,22.4,23,22.11,,14.08
11/08/2021/19/26/33,4,4,15.14,3.519,3.5228,3.5207,3.5207,0,22.4,22.4,22.4,22.7,22.06,,14.08
11/08/2021/19/26/43,4,4,15.09,3.5191,3.5228,3.5207,3.5207,0,22.1,22.4,22.4,23,22.08,,14.08
11/08/2021/19/26/53,4,4,15.08,3.5191,3.5229,3.5208,3.5207,0,22.7,22.4,22.7,22.4,22.09,,14.08
11/08/2021/19/27/03,4,4,15.17,3.5192,3.5229,3.5209,3.5207,0,22.7,22.7,22.4,22.4,22.06,,14.08
11/08/2021/19/27/13,4,4,15.11,3.5192,3.523,3.521,3.5208,0,22.4,23,22.7,23,22.08,,14.08
11/08/2021/19/27/23,4,4,15.12,3.5194,3.5231,3.5212,3.5209,0,22.4,22.7,22.4,22.7,22.09,,14.08
11/08/2021/19/27/33,4,4,15.15,3.5196,3.5231,3.5214,3.5209,0,22.7,22.4,22.7,22.4,22.09,,14.09
11/08/2021/19/27/43,4,4,15.16,3.5197,3.5232,3.5216,3.5211,0,22.1,22.4,22.1,22.7,22.09,,14.09
11/08/2021/19/27/53,4,4,15.11,3.5198,3.5233,3.5217,3.5211,0,22.7,22.7,22.4,22.4,22.12,,14.09
11/08/2021/19/28/03,4,4,15.13,3.5199,3.5234,3.5218,3.5212,0,22.7,23,22.1,22.4,22.12,,14.09
11/08/2021/19/28/13,4,4,15.14,3.5201,3.5234,3.5219,3.5212,0,22.7,22.7,22.1,23,22.13,,14.09
11/08/2021/19/28/23,4,4,15.17,3.5203,3.5235,3.522,3.5213,0,22.4,22.7,22.7,23,22.13,,14.09
11/08/2021/19/28/33,4,4,15.05,3.5205,3.5236,3.522,3.5214,0,22.4,23,22.4,23,22.2,,14.09
11/08/2021/19/28/43,4,4,15.08,3.5207,3.5237,3.5222,3.5216,0,22.1,23,22.1,22.7,22.2,,14.09
11/08/2021/19/28/53,4,4,15.05,3.5208,3.5237,3.5222,3.5216,0,22.1,23,22.4,22.7,22.22,,14.09
11/08/2021/19/29/03,4,4,15.09,3.5209,3.5239,3.5223,3.5217,0,22.1,23,22.1,23,22.21,,14.09
11/08/2021/19/29/13,4,4,15.16,3.5209,3.5239,3.5225,3.5218,0,22.1,22.7,22.4,22.4,22.18,,14.09
11/08/2021/19/29/24,4,4,15.04,3.521,3.524,3.5227,3.5219,0,22.1,23,22.7,22.4,22.24,,14.09
11/08/2021/19/29/34,4,4,15.08,3.5212,3.5241,3.5227,3.5221,0,22.7,22.4,22.4,22.4,22.23,,14.09
11/08/2021/19/29/44,4,4,15.09,3.5213,3.5241,3.5228,3.5221,0,22.1,22.4,22.1,23,22.23,,14.09
11/08/2021/19/29/54,4,4,15.1,3.5214,3.5242,3.5229,3.5222,0,22.4,22.7,22.4,22.4,22.24,,14.09
11/08/2021/19/30/04,4,4,15.08,3.5214,3.5242,3.5231,3.5223,0,22.7,22.4,22.1,22.7,22.25,,14.09
11/08/2021/19/30/14,4,4,15.07,3.5215,3.5243,3.5232,3.5223,0,22.1,23,22.1,22.7,22.26,,14.09
11/08/2021/19/30/24,4,4,15.05,3.5217,3.5245,3.5233,3.5225,0,22.7,22.4,22.4,22.7,22.28,,14.09
11/08/2021/19/30/34,4,4,15.07,3.5218,3.5246,3.5234,3.5226,0,22.1,22.4,22.1,22.7,22.28,,14.09
11/08/2021/19/30/44,4,4,15.09,3.5219,3.5247,3.5236,3.5226,0,22.4,22.4,22.7,22.4,22.28,,14.09
11/08/2021/19/30/54,4,4,15.14,3.522,3.5249,3.5237,3.5227,0,22.4,22.7,22.4,22.4,22.26,,14.09
11/08/2021/19/31/04,4,4,15.15,3.5221,3.525,3.5237,3.5227,0,22.1,22.4,22.4,23,22.26,,14.09
11/08/2021/19/31/14,4,4,15.12,3.5222,3.525,3.5239,3.5228,0,22.4,23,22.1,22.4,22.28,,14.09
11/08/2021/19/31/24,4,4,15.03,3.5223,3.525,3.524,3.5228,0,22.4,23,22.1,22.7,22.33,,14.09
11/08/2021/19/31/34,4,4,15.04,3.5223,3.525,3.5241,3.523,0,22.7,22.7,22.7,23,22.33,,14.09
11/08/2021/19/31/44,4,4,15.14,3.5224,3.525,3.5243,3.5232,0,22.4,22.7,22.7,23,22.29,,14.09
11/08/2021/19/31/54,4,4,15.06,3.5225,3.5252,3.5245,3.5232,0,22.4,22.7,22.4,23,22.33,,14.1
11/08/2021/19/32/04,4,4,15.1,3.5225,3.5254,3.5246,3.5232,0,22.4,22.7,22.7,22.4,22.31,,14.1
11/08/2021/19/32/14,4,4,15.17,3.5225,3.5254,3.5248,3.5234,0,22.1,22.4,22.4,22.7,22.28,,14.1
11/08/2021/19/32/24,4,4,15.16,3.5225,3.5256,3.525,3.5234,0,22.1,23,22.7,23,22.28,,14.1
11/08/2021/19/32/34,4,4,15.16,3.5225,3.5256,3.5252,3.5235,0,22.4,23,22.1,22.4,22.28,,14.1
11/08/2021/19/32/44,4,4,15.17,3.5226,3.5257,3.5253,3.5237,0,22.4,23,22.1,23,22.29,,14.1
11/08/2021/19/32/54,4,4,15.15,3.5228,3.5259,3.5254,3.5239,0,22.7,23,22.4,22.7,22.31,,14.1
11/08/2021/19/33/04,4,4,15.17,3.5228,3.5261,3.5254,3.5239,0,22.4,22.7,22.7,22.7,22.3,,14.1
11/08/2021/19/33/14,4,4,15.04,3.5228,3.5262,3.5254,3.5241,0,22.4,23,22.1,22.4,22.36,,14.1
11/08/2021/19/33/24,4,4,15.08,3.5229,3.5263,3.5255,3.5243,0,22.1,23,22.4,22.7,22.35,,14.1
11/08/2021/19/33/34,4,4,15.05,3.523,3.5264,3.5256,3.5244,0,22.7,22.7,22.1,22.7,22.37,,14.1
11/08/2021/19/33/44,4,4,15.13,3.5231,3.5264,3.5257,3.5245,0,22.4,23,22.1,22.7,22.34,,14.1
11/08/2021/19/33/54,4,4,15.04,3.5233,3.5265,3.5258,3.5246,0,22.7,22.4,22.7,22.4,22.39,,14.1
11/08/2021/19/34/04,4,4,15.1,3.5235,3.5267,3.5259,3.5247,0,22.1,23,22.4,22.7,22.38,,14.1
11/08/2021/19/34/14,4,4,15.02,3.5237,3.5267,3.526,3.5248,0,22.4,22.4,22.7,22.7,22.43,,14.1
11/08/2021/19/34/24,4,4,15.09,3.5238,3.5269,3.5262,3.525,0,22.7,22.7,22.1,23,22.41,,14.1
11/08/2021/19/34/34,4,4,15.11,3.5238,3.5269,3.5264,3.5252,0,22.1,23,22.1,22.7,22.4,,14.1
11/08/2021/19/34/44,4,4,15.11,3.5238,3.527,3.5266,3.5253,0,22.1,22.4,22.7,22.7,22.4,,14.1
11/08/2021/19/34/54,4,4,15.16,3.524,3.527,3.5267,3.5255,0,22.4,22.7,22.7,23,22.39,,14.1
11/08/2021/19/35/04,4,4,15.08,3.524,3.5272,3.5268,3.5256,0,22.7,23,22.4,23,22.42,,14.1
11/08/2021/19/35/14,4,4,15.02,3.5242,3.5274,3.527,3.5258,0,22.1,22.7,22.7,22.4,22.46,,14.1
11/08/2021/19/35/24,4,4,15.12,3.5243,3.5275,3.5271,3.5259,0,22.1,23,22.7,22.4,22.43,,14.1
11/08/2021/19/35/34,4,4,15.07,3.5245,3.5277,3.5273,3.5259,0,22.1,23,22.4,22.7,22.46,,14.11
11/08/2021/19/35/44,4,4,15.04,3.5246,3.5279,3.5273,3.526,0,22.4,22.7,22.1,22.7,22.48,,14.11
11/08/2021/19/35/54,4,4,15.06,3.5246,3.5279,3.5274,3.5262,0,22.7,22.4,22.7,22.4,22.47,,14.11
11/08/2021/19/36/04,4,4,15.06,3.5247,3.528,3.5276,3.5262,0,22.4,22.7,22.7,22.4,22.48,,14.11
11/08/2021/19/36/14,4,4,15.04,3.5248,3.5281,3.5277,3.5264,0,22.1,22.4,22.4,23,22.5,,14.11
11/08/2021/19/36/24,4,4,15.11,3.5249,3.5282,3.5277,3.5265,0,22.4,22.4,22.1,22.7,22.47,,14.11
11/08/2021/19/36/34,4,4,15.16,3.5249,3.5283,3.5278,3.5266,0,22.4,22.4,22.7,23,22.45,,14.11
11/08/2021/19/36/44,4,4,15.15,3.5249,3.5284,3.528,3.5268,0,22.1,22.4,22.1,23,22.45,,14.11
11/08/2021/19/36/54,4,4,15.14,3.5251,3.5285,3.5281,3.5269,0,22.1,23,22.4,22.4,22.47,,14.11
11/08/2021/19/37/04,4,4,15.06,3.5253,3.5287,3.5282,3.5269,0,22.4,22.4,22.4,22.7,22.52,,14.11
11/08/2021/19/37/14,4,4,15.12,3.5254,3.5288,3.5282,3.527,0,22.1,22.4,22.1,22.7,22.5,,14.11
11/08/2021/19/37/24,4,4,15.16,3.5255,3.529,3.5284,3.5271,0,22.1,22.7,22.7,23,22.49,,14.11
11/08/2021/19/37/34,4,4,15.08,3.5256,3.5291,3.5284,3.5272,0,22.1,23,22.7,22.7,22.53,,14.11
11/08/2021/19/37/44,4,4,15.1,3.5256,3.5293,3.5284,3.5274,0,22.4,22.7,22.7,22.7,22.52,,14.11
11/08/2021/19/37/54,4,4,15.03,3.5258,3.5294,3.5286,3.5275,0,22.4,23,22.4,23,22.57,,14.11
11/08/2021/19/38/04,4,4,15.12,3.5259,3.5294,3.5286,3.5276,0,22.7,23,22.7,23,22.54,,14.11
11/08/2021/19/38/14,4,4,15.08,3.5261,3.5295,3.5286,3.5277,0,22.1,22.7,22.7,22.7,22.57,,14.11
11/08/2021/19/38/24,4,4,15.02,3.5261,3.5296,3.5287,3.5278,0,22.4,22.7,22.7,23,22.6,,14.11
11/08/2021/19/38/34,4,4,15.14,3.5263,3.5297,3.5288,3.5279,0,22.4,22.7,22.1,22.7,22.55,,14.11
11/08/2021/19/38/44,4,4,15.12,3.5263,3.5298,3.5289,3.5281,0,22.7,23,22.4,23,22.56,,14.11
11/08/2021/19/38/54,4,4,15.07,3.5264,3.5298,3.529,3.5282,0,22.7,22.7,22.7,22.7,22.59,,14.11
11/08/2021/19/39/04,4,4,15.08,3.5265,3.5299,3.5291,3.5283,0,22.1,22.4,22.7,22.4,22.6,,14.11
11/08/2021/19/39/14,4,4,15.17,3.5267,3.53,3.5292,3.5283,0,22.1,22.4,22.7,23,22.57,,14.11
11/08/2021/19/39/24,4,4,15.16,3.5268,3.5302,3.5293,3.5284,0,22.4,23,22.4,23,22.58,,14.11
11/08/2021/19/39/34,4,4,15.1,3.5269,3.5302,3.5293,3.5286,0,22.4,22.7,22.7,22.7,22.61,,14.12
11/08/2021/19/39/44,4,4,15.08,3.527,3.5302,3.5295,3.5286,0,22.4,22.7,22.4,22.4,22.63,,14.12
11/08/2021/19/39/54,4,4,15.08,3.5272,3.5304,3.5296,3.5288,0,22.4,22.4,22.7,23,22.64,,14.12
11/08/2021/19/40/04,4,4,15.14,3.5274,3.5305,3.5297,3.5289,0,22.4,22.7,22.4,22.4,22.63,,14.12
11/08/2021/19/40/14,4,4,15.16,3.5276,3.5307,3.5298,3.529,0,22.7,23,22.7,23,22.63,,14.12
11/08/2021/19/40/24,4,4,15.02,3.5277,3.5307,3.5299,3.5291,0,22.4,22.7,22.4,22.7,22.71,,14.12
11/08/2021/19/40/34,4,4,15.05,3.5277,3.5308,3.53,3.5291,0,22.1,23,22.4,23,22.69,,14.12
11/08/2021/19/40/44,4,4,15.04,3.5278,3.531,3.53,3.5292,0,22.1,22.7,22.1,22.4,22.7,,14.12
11/08/2021/19/40/54,4,4,15.16,3.5278,3.5311,3.5301,3.5294,0,22.1,23,22.7,22.7,22.65,,14.12
11/08/2021/19/41/04,4,4,15.14,3.5279,3.5312,3.5303,3.5294,0,22.7,23,22.4,22.4,22.66,,14.12
11/08/2021/19/41/14,4,4,15.02,3.5281,3.5312,3.5305,3.5295,0,22.7,23,22.1,22.7,22.73,,14.12
11/08/2021/19/41/24,4,4,15.1,3.5281,3.5313,3.5306,3.5296,0,22.1,23,22.4,23,22.7,,14.12
11/08/2021/19/41/34,4,4,15.03,3.5281,3.5314,3.5306,3.5297,0,22.7,22.7,22.4,22.4,22.73,,14.12
11/08/2021/19/41/44,4,4,15.08,3.5281,3.5315,3.5308,3.5298,0,22.4,22.7,22.4,23,22.71,,14.12
11/08/2021/19/41/54,4,4,15.05,3.5282,3.5316,3.531,3.5299,0,22.1,22.7,22.1,23,22.73,,14.12
11/08/2021/19/42/04,4,4,15.07,3.5284,3.5317,3.5311,3.5301,0,22.7,23,22.1,23,22.73,,14.12
11/08/2021/19/42/14,4,4,15.02,3.5286,3.5319,3.5312,3.5302,0,22.4,22.4,22.7,22.4,22.77,,14.12
11/08/2021/19/42/24,4,4,15.13,3.5287,3.5319,3.5314,3.5303,0,22.4,22.7,22.1,22.7,22.72,,14.12
11/08/2021/19/42/34,4,4,15.11,3.5288,3.5321,3.5315,3.5303,0,22.4,22.7,22.4,23,22.74,,14.12
11/08/2021/19/42/44,4,4,15.12,3.5289,3.5323,3.5315,3.5305,0,22.1,22.7,22.1,22.4,22.74,,14.12
11/08/2021/19/42/54,4,4,15.02,3.529,3.5324,3.5316,3.5305,0,22.4,22.4,22.4,23,22.8,,14.12
11/08/2021/19/43/04,4,4,15.14,3.529,3.5324,3.5317,3.5306,0,22.1,23,22.4,22.4,22.74,,14.12
11/08/2021/19/43/14,4,4,15.04,3.5291,3.5326,3.5318,3.5307,0,22.4,23,22.1,22.4,22.79,,14.12
11/08/2021/19/43/24,4,4,15.13,3.5291,3.5327,3.5319,3.5309,0,22.1,22.4,22.4,22.7,22.75,,14.12
11/08/2021/19/43/34,4,4,15.1,3.5292,3.5328,3.5321,3.5311,0,22.7,22.7,22.7,22.7,22.77,,14.13
11/08/2021/19/43/44,4,4,15.06,3.5292,3.533,3.5323,3.5312,0,22.1,23,22.4,23,22.79,,14.13
11/08/2021/19/43/54,4,4,15.07,3.5293,3.5332,3.5324,3.5313,0,22.7,23,22.4,22.7,22.79,,14.13
11/08/2021/19/44/04,4,4,15.1,3.5295,3.5334,3.5326,3.5314,0,22.7,23,22.1,22.4,22.79,,14.13
11/08/2021/19/44/14,4,4,15.11,3.5295,3.5336,3.5327,3.5315,0,22.1,22.4,22.1,22.7,22.79,,14.13
11/08/2021/19/44/24,4,4,15.1,3.5297,3.5338,3.5328,3.5317,0,22.4,23,22.4,22.4,22.81,,14.13
11/08/2021/19/44/34,4,4,15.12,3.5299,3.5338,3.533,3.5319,0,22.4,23,22.1,23,22.81,,14.13
11/08/2021/19/44/44,4,4,15.16,3.5301,3.534,3.5332,3.532,0,22.4,22.7,22.1,23,22.81,,14.13
11/08/2021/19/44/54,4,4,15.09,3.5302,3.5341,3.5332,3.5321,0,22.1,22.4,22.4,22.4,22.85,,14.13
11/08/2021/19/45/04,4,4,15.14,3.5303,3.5341,3.5333,3.5321,0,22.1,22.7,22.4,22.4,22.83,,14.13
11/08/2021/19/45/14,4,4,15.15,3.5304,3.5343,3.5334,3.5323,0,22.7,22.4,22.4,23,22.83,,14.13
11/08/2021/19/45/24,4,4,15.03,3.5305,3.5345,3.5335,3.5324,0,22.4,23,22.4,22.7,22.9,,14.13
11/08/2021/19/45/34,4,4,15.12,3.5305,3.5345,3.5337,3.5325,0,22.1,22.7,22.4,22.4,22.85,,14.13
11/08/2021/19/45/44,4,4,15.17,3.5306,3.5346,3.5338,3.5326,0,22.1,22.4,22.4,22.4,22.84,,14.13
11/08/2021/19/45/54,4,4,15.17,3.5307,3.5348,3.534,3.5326,0,22.7,22.4,22.4,23,22.84,,14.13
11/08/2021/19/46/04,4,4,15.16,3.5309,3.5349,3.5341,3.5327,0,22.7,23,22.1,22.7,22.86,,14.13
11/08/2021/19/46/14,4,4,15.03,3.5309,3.535,3.5341,3.5328,0,22.4,22.4,22.7,22.7,22.92,,14.13
11/08/2021/19/46/24,4,4,15.1,3.5309,3.535,3.5341,3.5329,0,22.7,22.4,22.1,22.4,22.89,,14.13
11/08/2021/19/46/34,4,4,15.05,3.5309,3.5351,3.5343,3.5331,0,22.1,23,22.4,22.7,22.91,,14.13
11/08/2021/19/46/45,4,4,15.11,3.5309,3.5353,3.5344,3.5332,0,22.1,22.4,22.4,22.4,22.89,,14.13
11/08/2021/19/46/55,4,4,15.08,3.5309,3.5353,3.5344,3.5333,0,22.7,22.7,22.4,23,22.9,,14.13
11/08/2021/19/47/05,4,4,15.07,3.531,3.5353,3.5346,3.5333,0,22.7,23,22.1,22.7,22.91,,14.13
11/08/2021/19/47/15,4,4,15.1,3.5311,3.5354,3.5346,3.5334,0,22.7,23,22.7,23,22.9,,14.13
11/08/2021/19/47/25,4,4,15.03,3.5311,3.5355,3.5348,3.5336,0,22.7,22.4,22.4,22.4,22.94,,14.14
11/08/2021/19/47/35,4,4,15.09,3.5312,3.5355,3.535,3.5338,0,22.4,22.7,22.7,22.4,22.92,,14.14
11/08/2021/19/47/45,4,4,15.12,3.5312,3.5356,3.5351,3.534,0,22.1,22.7,22.1,23,22.9,,14.14
11/08/2021/19/47/55,4,4,15.03,3.5312,3.5358,3.5353,3.5342,0,22.1,22.4,22.1,22.4,22.94,,14.14
11/08/2021/19/48/05,4,4,15.1,3.5314,3.5359,3.5354,3.5343,0,22.4,22.7,22.1,23,22.93,,14.14
11/08/2021/19/48/15,4,4,15.07,3.5315,3.5359,3.5355,3.5344,0,22.4,22.4,22.7,22.4,22.95,,14.14
11/08/2021/19/48/25,4,4,15.1,3.5316,3.536,3.5357,3.5344,0,22.4,22.7,22.4,22.7,22.94,,14.14
11/08/2021/19/48/35,4,4,15.14,3.5317,3.536,3.5358,3.5344,0,22.4,23,22.7,22.4,22.93,,14.14
11/08/2021/19/48/45,4,4,15.08,3.5318,3.5361,3.536,3.5346,0,22.7,22.4,22.1,23,22.96,,14.14
11/08/2021/19/48/55,4,4,15.13,3.532,3.5362,3.5362,3.5346,0,22.4,22.4,22.4,22.4,22.95,,14.14
11/08/2021/19/49/05,4,4,15.16,3.5321,3.5362,3.5363,3.5346,0,22.4,22.4,22.1,22.7,22.95,,14.14
11/08/2021/19/49/15,4,4,15.12,3.5322,3.5363,3.5364,3.5347,0,22.7,23,22.4,22.7,22.97,,14.14
11/08/2021/19/49/25,4,4,15.15,3.5324,3.5364,3.5364,3.5347,0,22.4,22.7,22.7,22.4,22.97,,14.14
11/08/2021/19/49/35,4,4,15.11,3.5325,3.5364,3.5365,3.5347,0,22.1,22.7,22.7,22.4,23,,14.14
11/08/2021/19/49/45,4,4,15.05,3.5327,3.5366,3.5365,3.5348,0,22.1,23,22.4,23,23.04,,14.14
11/08/2021/19/49/55,4,4,15.06,3.5329,3.5367,3.5365,3.535,0,22.7,23,22.1,22.4,23.05,,14.14
11/08/2021/19/50/05,4,4,15.02,3.5331,3.5368,3.5365,3.5352,0,22.1,22.7,22.1,23,23.08,,14.14
11/08/2021/19/50/15,4,4,15.14,3.5331,3.5368,3.5367,3.5353,0,22.1,23,22.4,22.7,23.03,,14.14
11/08/2021/19/50/25,4,4,15.06,3.5332,3.5369,3.5369,3.5355,0,22.7,22.4,22.7,22.4,23.07,,14.14
11/08/2021/19/50/35,4,4,15.16,3.5333,3.5369,3.5369,3.5356,0,22.1,23,22.7,23,23.03,,14.14
11/08/2021/19/50/45,4,4,15.11,3.5334,3.537,3.5369,3.5356,0,22.7,22.7,22.4,22.7,23.06,,14.14
11/08/2021/19/50/55,4,4,15.07,3.5335,3.5371,3.5369,3.5358,0,22.4,22.7,22.1,23,23.09,,14.14
11/08/2021/19/51/05,4,4,15.14,3.5335,3.5372,3.537,3.5359,0,22.1,23,22.1,22.7,23.05,,14.14
11/08/2021/19/51/15,4,4,15.08,3.5336,3.5372,3.5371,3.5361,0,22.4,22.7,22.7,22.4,23.09,,14.14
11/08/2021/19/51/25,4,4,15.15,3.5337,3.5372,3.5373,3.5363,0,22.1,22.7,22.1,23,23.06,,14.14
11/08/2021/19/51/35,4,4,15.14,3.5339,3.5373,3.5374,3.5364,0,22.1,23,22.4,22.7,23.08,,14.15
11/08/2021/19/51/45,4,4,15.06,3.5339,3.5375,3.5374,3.5365,0,22.1,22.4,22.4,22.7,23.12,,14.15
11/08/2021/19/51/55,4,4,15.09,3.5341,3.5376,3.5375,3.5366,0,22.7,22.7,22.1,22.4,23.12,,14.15
11/08/2021/19/52/05,4,4,15.03,3.5343,3.5378,3.5376,3.5367,0,22.7,22.7,22.4,22.7,23.16,,14.15
11/08/2021/19/52/15,4,4,15.12,3.5344,3.5379,3.5377,3.5368,0,22.1,23,22.7,23,23.13,,14.15
11/08/2021/19/52/25,4,4,15.13,3.5346,3.5379,3.5377,3.5369,0,22.1,22.4,22.4,22.4,23.14,,14.15
11/08/2021/19/52/35,4,4,15.07,3.5347,3.538,3.5378,3.537,0,22.1,23,22.4,23,23.17,,14.15
11/08/2021/19/52/45,4,4,15.13,3.5347,3.5381,3.5379,3.537,0,22.1,22.7,22.7,22.4,23.14,,14.15
11/08/2021/19/52/55,4,4,15.1,3.5348,3.5382,3.5379,3.5371,0,22.7,22.7,22.7,22.4,23.16,,14.15
11/08/2021/19/53/05,4,4,15.03,3.535,3.5384,3.538,3.5372,0,22.4,22.7,22.1,23,23.21,,14.15
11/08/2021/19/53/15,4,4,15.14,3.5351,3.5386,3.538,3.5372,0,22.4,22.4,22.1,22.7,23.17,,14.15
11/08/2021/19/53/25,4,4,15.14,3.5352,3.5386,3.5381,3.5374,0,22.7,22.4,22.1,22.4,23.17,,14.15
11/08/2021/19/53/35,4,4,15.08,3.5354,3.5386,3.5381,3.5375,0,22.7,22.4,22.1,22.7,23.21,,14.15
11/08/2021/19/53/45,4,4,15.08,3.5354,3.5388,3.5381,3.5377,0,22.7,22.4,22.1,22.7,23.21,,14.15
11/08/2021/19/53/55,4,4,15.16,3.5356,3.5389,3.5383,3.5378,0,22.1,22.4,22.4,23,23.19,,14.15
11/08/2021/19/54/05,4,4,15.13,3.5358,3.539,3.5385,3.538,0,22.7,23,22.7,22.7,23.22,,14.15
11/08/2021/19/54/15,4,4,15.12,3.5359,3.5392,3.5386,3.5381,0,22.7,22.4,22.7,23,23.23,,14.15
11/08/2021/19/54/25,4,4,15.15,3.536,3.5392,3.5387,3.5381,0,22.4,22.7,22.7,23,23.22,,14.15
11/08/2021/19/54/35,4,4,15.05,3.5361,3.5393,3.5389,3.5383,0,22.7,22.7,22.4,22.4,23.28,,14.15
11/08/2021/19/54/45,4,4,15.09,3.5363,3.5393,3.5391,3.5385,0,22.7,22.4,22.7,23,23.27,,14.15
11/08/2021/19/54/55,4,4,15.13,3.5364,3.5394,3.5391,3.5386,0,22.7,22.4,22.4,23,23.26,,14.15
11/08/2021/19/55/05,4,4,15.04,3.5366,3.5395,3.5392,3.5387,0,22.7,23,22.7,22.4,23.32,,14.15
11/08/2021/19/55/15,4,4,15.07,3.5367,3.5397,3.5394,3.5389,0,22.7,22.7,22.4,23,23.31,,14.15
11/08/2021/19/55/25,4,4,15.04,3.5368,3.5399,3.5395,3.5391,0,22.1,23,22.7,23,23.33,,14.16
11/08/2021/19/55/35,4,4,15.1,3.5369,3.5399,3.5396,3.5392,0,22.1,23,22.1,22.7,23.31,,14.16
11/08/2021/19/55/45,4,4,15.17,3.5369,3.5399,3.5398,3.5392,0,22.4,22.7,22.7,23,23.28,,14.16
11/08/2021/19/55/55,4,4,15.04,3.537,3.5399,3.5399,3.5392,0,22.4,22.4,22.7,23,23.35,,14.16
11/08/2021/19/56/05,4,4,15.05,3.5371,3.5401,3.54,3.5393,0,22.1,22.7,22.7,22.7,23.35,,14.16
11/08/2021/19/56/15,4,4,15.17,3.5371,3.5402,3.54,3.5394,0,22.1,22.4,22.4,23,23.29,,14.16
11/08/2021/19/56/25,4,4,15.12,3.5372,3.5403,3.5401,3.5395,0,22.7,23,22.7,22.7,23.32,,14.16
11/08/2021/19/56/35,4,4,15.12,3.5373,3.5404,3.5402,3.5397,0,22.1,22.7,22.4,23,23.33,,14.16
11/08/2021/19/56/45,4,4,15.05,3.5373,3.5405,3.5403,3.5399,0,22.7,23,22.4,22.4,23.36,,14.16
11/08/2021/19/56/55,4,4,15.13,3.5374,3.5406,3.5403,3.5399,0,22.7,23,22.4,22.7,23.33,,14.16
11/08/2021/19/57/05,4,4,15.17,3.5374,3.5408,3.5404,3.5401,0,22.4,22.4,22.7,23,23.31,,14.16
11/08/2021/19/57/15,4,4,15.17,3.5375,3.5409,3.5406,3.5401,0,22.7,23,22.1,23,23.32,,14.16
11/08/2021/19/57/25,4,4,15.05,3.5376,3.541,3.5408,3.5402,0,22.4,23,22.4,23,23.38,,14.16
11/08/2021/19/57/35,4,4,15.09,3.5376,3.5411,3.541,3.5403,0,22.4,22.4,22.7,22.7,23.36,,14.16
11/08/2021/19/57/45,4,4,15.03,3.5376,3.5411,3.5411,3.5405,0,22.1,22.7,22.4,22.7,23.39,,14.16
11/08/2021/19/57/55,4,4,15.04,3.5378,3.5412,3.5412,3.5407,0,22.7,22.7,22.1,22.7,23.4,,14.16
11/08/2021/19/58/05,4,4,15.15,3.5379,3.5413,3.5413,3.5409,0,22.1,23,22.4,23,23.36,,14.16
11/08/2021/19/58/15,4,4,15.12,3.538,3.5414,3.5414,3.541,0,22.4,22.7,22.4,23,23.38,,14.16
