09/08/2021/22/36/03,4,4,0.0156,3.513,3.5133,3.5131,3.5139,0,26.4,25.8,26.7,26.4,29.03,0.0,14.05
09/08/2021/22/36/13,4,4,0.0154,3.513,3.5133,3.5131,3.5139,0,26.7,26.4,27,26.7,29.03,0.0,14.05
09/08/2021/22/36/23,4,4,-9.94,3.4452,3.4455,3.4453,3.4461,0,26.7,26.4,27,26.1,28.87,0.0,13.78
09/08/2021/22/36/33,4,4,-9.85,3.445,3.4453,3.4453,3.446,0,26.4,26.4,27,26.4,28.8,0.0,13.78
09/08/2021/22/36/43,4,4,-9.91,3.4449,3.4453,3.4452,3.4459,0,26.7,26.4,26.7,26.7,28.83,0.0,13.78
09/08/2021/22/36/53,4,4,-9.92,3.4447,3.4452,3.4452,3.4458,0,26.7,26.7,26.4,26.7,28.81,0.0,13.78
09/08/2021/22/37/03,4,4,-9.93,3.4445,3.4451,3.4451,3.4458,0,26.7,26.7,26.7,26.7,28.8,0.0,13.78
09/08/2021/22/37/13,4,4,-9.84,3.4444,3.445,3.445,3.4458,0,26.4,26.4,27,26.4,28.75,0.0,13.78
09/08/2021/22/37/23,4,4,-9.79,3.4443,3.445,3.4449,3.4456,0,26.1,26.4,26.4,26.7,28.71,0.0,13.78
09/08/2021/22/37/33,4,4,-9.79,3.4443,3.4449,3.4449,3.4455,0,26.7,27,26.7,26.1,28.71,0.0,13.78
09/08/2021/22/37/43,4,4,-9.82,3.4442,3.4447,3.4448,3.4455,0,26.7,27,27,26.7,28.72,0.0,13.78
09/08/2021/22/37/53,4,4,-9.82,3.4442,3.4446,3.4447,3.4455,0,26.4,26.7,26.7,26.4,28.72,0.0,13.78
09/08/2021/22/38/03,4,4,-9.91,3.4441,3.4445,3.4447,3.4454,0,26.4,26.4,26.4,26.7,28.76,0.0,13.78
09/08/2021/22/38/13,4,4,-9.87,3.444,3.4444,3.4447,3.4453,0,26.4,26.4,26.7,26.1,28.73,0.0,13.78
09/08/2021/22/38/23,4,4,-9.89,3.444,3.4443,3.4445,3.4452,0,26.4,27,26.4,26.1,28.74,0.0,13.78
09/08/2021/22/38/33,4,4,-9.92,3.4439,3.4442,3.4445,3.4452,0,26.4,27,27,26.4,28.75,0.0,13.78
09/08/2021/22/38/43,4,4,-9.92,3.4439,3.4442,3.4444,3.445,0,26.1,26.4,27,26.1,28.75,0.0,13.78
09/08/2021/22/38/53,4,4,-9.8,3.4437,3.444,3.4444,3.4449,0,26.7,27,26.4,26.4,28.67,0.0,13.78
09/08/2021/22/39/03,4,4,-9.91,3.4436,3.4439,3.4443,3.4447,0,26.4,27,26.4,26.1,28.72,0.0,13.78
09/08/2021/22/39/13,4,4,-9.85,3.4436,3.4438,3.4442,3.4446,0,26.7,26.7,26.4,26.7,28.69,0.0,13.78
09/08/2021/22/39/23,4,4,-9.92,3.4436,3.4437,3.444,3.4444,0,26.7,27,26.7,26.7,28.73,0.0,13.78
09/08/2021/22/39/33,4,4,-9.79,3.4435,3.4436,3.4439,3.4442,0,26.7,27,26.7,26.1,28.65,0.0,13.78
09/08/2021/22/39/43,4,4,-9.89,3.4434,3.4435,3.4438,3.4441,0,26.7,26.4,26.4,26.1,28.69,0.0,13.77
09/08/2021/22/39/53,4,4,-9.81,3.4434,3.4434,3.4438,3.4441,0,26.4,26.4,26.4,26.7,28.65,0.0,13.77
09/08/2021/22/40/03,4,4,-9.84,3.4432,3.4433,3.4436,3.444,0,26.7,26.4,26.7,26.4,28.65,0.0,13.77
09/08/2021/22/40/13,4,4,-9.82,3.4432,3.4433,3.4435,3.4438,0,26.4,26.7,26.4,26.4,28.64,0.0,13.77
09/08/2021/22/40/23,4,4,-9.93,3.4432,3.4431,3.4434,3.4436,0,26.1,26.4,26.4,26.7,28.7,0.0,13.77
09/08/2021/22/40/33,4,4,-9.93,3.4432,3.443,3.4433,3.4435,0,26.7,26.4,26.4,26.1,28.7,0.0,13.77
09/08/2021/22/40/43,4,4,-9.92,3.4431,3.4429,3.4433,3.4435,0,26.7,26.4,26.4,26.4,28.69,0.0,13.77
09/08/2021/22/40/53,4,4,-9.93,3.4431,3.4428,3.4431,3.4433,0,26.7,26.4,26.4,26.4,28.69,0.0,13.77
09/08/2021/22/41/03,4,4,-9.89,3.443,3.4427,3.4429,3.4431,0,26.7,26.4,27,26.1,28.66,0.0,13.77
09/08/2021/22/41/13,4,4,-9.83,3.443,3.4426,3.4427,3.4429,0,26.7,26.4,26.7,26.1,28.63,0.0,13.77
09/08/2021/22/41/23,4,4,-9.93,3.4429,3.4426,3.4425,3.4427,0,26.4,26.4,26.4,26.4,28.68,0.0,13.77
09/08/2021/22/41/33,4,4,-9.82,3.4429,3.4426,3.4423,3.4425,0,26.7,26.4,26.4,26.4,28.62,0.0,13.77
09/08/2021/22/41/43,4,4,-9.91,3.4427,3.4426,3.4421,3.4424,0,26.4,27,27,26.7,28.65,0.0,13.77
09/08/2021/22/41/53,4,4,-9.84,3.4426,3.4425,3.4419,3.4424,0,26.7,26.4,26.4,26.4,28.6,0.0,13.77
09/08/2021/22/42/03,4,4,-9.9,3.4425,3.4424,3.4417,3.4423,0,26.1,26.4,26.4,26.4,28.63,0.0,13.77
09/08/2021/22/42/13,4,4,-9.85,3.4424,3.4423,3.4416,3.4422,0,26.4,27,26.4,26.1,28.59,0.0,13.77
09/08/2021/22/42/23,4,4,-9.82,3.4422,3.4421,3.4414,3.4421,0,26.4,27,26.4,26.1,28.56,0.0,13.77
09/08/2021/22/42/33,4,4,-9.86,3.4422,3.442,3.4412,3.442,0,26.7,26.4,26.4,26.4,28.58,0.0,13.77
09/08/2021/22/42/43,4,4,-9.86,3.442,3.4419,3.4411,3.442,0,26.4,27,26.4,26.7,28.57,0.0,13.77
09/08/2021/22/42/53,4,4,-9.83,3.4419,3.4419,3.4409,3.442,0,26.7,26.7,27,26.7,28.54,0.0,13.77
09/08/2021/22/43/03,4,4,-9.92,3.4417,3.4419,3.4409,3.4419,0,26.4,26.4,26.4,26.1,28.57,0.0,13.77
09/08/2021/22/43/13,4,4,-9.8,3.4416,3.4418,3.4409,3.4418,0,26.1,26.7,27,26.7,28.5,0.0,13.77
09/08/2021/22/43/23,4,4,-9.81,3.4415,3.4416,3.4408,3.4417,0,26.1,26.7,27,26.7,28.5,0.0,13.77
09/08/2021/22/43/33,4,4,-9.84,3.4414,3.4416,3.4407,3.4416,0,26.1,26.7,26.4,26.7,28.51,0.0,13.77
09/08/2021/22/43/43,4,4,-9.81,3.4414,3.4415,3.4406,3.4415,0,26.1,26.7,26.7,26.1,28.49,0.0,13.77
09/08/2021/22/43/53,4,4,-9.83,3.4414,3.4415,3.4405,3.4414,0,26.1,27,27,26.4,28.5,0.0,13.76
09/08/2021/22/44/03,4,4,-9.79,3.4414,3.4414,3.4404,3.4413,0,26.4,26.4,26.7,26.7,28.48,0.0,13.76
09/08/2021/22/44/13,4,4,-9.9,3.4413,3.4414,3.4402,3.4413,0,26.1,27,26.7,26.7,28.53,0.0,13.76
09/08/2021/22/44/23,4,4,-9.85,3.4411,3.4413,3.44,3.4412,0,26.1,26.4,26.4,26.4,28.49,0.0,13.76
09/08/2021/22/44/33,4,4,-9.94,3.4409,3.4411,3.4398,3.4411,0,26.1,27,26.7,26.7,28.52,0.0,13.76
09/08/2021/22/44/43,4,4,-9.84,3.4408,3.441,3.4397,3.4411,0,26.7,26.7,26.4,26.7,28.46,0.0,13.76
09/08/2021/22/44/53,4,4,-9.83,3.4407,3.4408,3.4395,3.441,0,26.7,26.4,27,26.1,28.45,0.0,13.76
09/08/2021/22/45/03,4,4,-9.8,3.4406,3.4407,3.4394,3.4409,0,26.1,26.7,26.4,26.7,28.42,0.0,13.76
09/08/2021/22/45/13,4,4,-9.83,3.4404,3.4407,3.4392,3.4409,0,26.4,27,27,26.4,28.42,0.0,13.76
09/08/2021/22/45/23,4,4,-9.92,3.4403,3.4406,3.439,3.4408,0,26.1,26.7,26.7,26.1,28.46,0.0,13.76
09/08/2021/22/45/33,4,4,-9.85,3.4403,3.4405,3.4389,3.4407,0,26.1,26.4,26.4,26.7,28.43,0.0,13.76
09/08/2021/22/45/43,4,4,-9.81,3.4402,3.4403,3.4388,3.4405,0,26.4,26.4,26.4,26.4,28.4,0.0,13.76
09/08/2021/22/45/53,4,4,-9.83,3.44,3.4402,3.4388,3.4403,0,26.1,26.7,26.4,26.7,28.39,0.0,13.76
09/08/2021/22/46/03,4,4,-9.88,3.44,3.4401,3.4387,3.4403,0,26.4,27,26.7,26.4,28.42,0.0,13.76
09/08/2021/22/46/13,4,4,-9.85,3.4399,3.4401,3.4386,3.4402,0,26.7,26.4,27,26.1,28.39,0.0,13.76
09/08/2021/22/46/23,4,4,-9.92,3.4398,3.44,3.4386,3.4401,0,26.1,27,27,26.4,28.42,0.0,13.76
09/08/2021/22/46/33,4,4,-9.86,3.4397,3.44,3.4386,3.44,0,26.7,26.4,26.7,26.1,28.38,0.0,13.76
09/08/2021/22/46/43,4,4,-9.86,3.4396,3.44,3.4386,3.4399,0,26.4,26.7,27,26.4,28.37,0.0,13.76
09/08/2021/22/46/53,4,4,-9.8,3.4395,3.4399,3.4385,3.4397,0,26.7,26.7,26.7,26.1,28.34,0.0,13.76
09/08/2021/22/47/03,4,4,-9.79,3.4394,3.4399,3.4384,3.4396,0,26.4,26.7,26.4,26.1,28.32,0.0,13.76
09/08/2021/22/47/13,4,4,-9.82,3.4393,3.4398,3.4383,3.4396,0,26.1,27,26.4,26.4,28.33,0.0,13.76
09/08/2021/22/47/23,4,4,-9.83,3.4392,3.4398,3.4382,3.4394,0,26.1,26.7,27,26.7,28.33,0.0,13.76
09/08/2021/22/47/33,4,4,-9.83,3.4391,3.4397,3.4382,3.4392,0,26.1,27,26.4,26.1,28.32,0.0,13.76
09/08/2021/22/47/43,4,4,-9.79,3.4389,3.4396,3.4382,3.4392,0,26.7,26.7,26.4,26.1,28.28,0.0,13.76
09/08/2021/22/47/53,4,4,-9.9,3.4388,3.4395,3.4381,3.4392,0,26.7,26.7,26.7,26.1,28.33,0.0,13.76
09/08/2021/22/48/03,4,4,-9.81,3.4388,3.4395,3.438,3.4391,0,26.7,26.7,26.4,26.7,28.28,0.0,13.76
09/08/2021/22/48/13,4,4,-9.9,3.4387,3.4394,3.4379,3.4391,0,26.1,26.7,27,26.7,28.32,0.0,13.76
09/08/2021/22/48/24,4,4,-9.87,3.4387,3.4393,3.4378,3.439,0,26.1,27,26.4,26.1,28.31,0.0,13.75
09/08/2021/22/48/34,4,4,-9.93,3.4386,3.4392,3.4376,3.4388,0,26.1,26.7,26.7,26.7,28.33,0.0,13.75
09/08/2021/22/48/44,4,4,-9.91,3.4386,3.4392,3.4376,3.4387,0,26.1,27,27,26.4,28.32,0.0,13.75
09/08/2021/22/48/54,4,4,-9.9,3.4385,3.439,3.4376,3.4386,0,26.1,26.4,26.7,26.1,28.31,0.0,13.75
09/08/2021/22/49/04,4,4,-9.81,3.4385,3.439,3.4374,3.4384,0,26.4,26.4,26.4,26.7,28.26,0.0,13.75
09/08/2021/22/49/14,4,4,-9.89,3.4384,3.4388,3.4374,3.4384,0,26.4,26.7,26.4,26.7,28.29,0.0,13.75
09/08/2021/22/49/24,4,4,-9.9,3.4382,3.4387,3.4373,3.4384,0,26.4,27,26.4,26.1,28.28,0.0,13.75
09/08/2021/22/49/34,4,4,-9.92,3.4381,3.4386,3.4372,3.4383,0,26.4,26.7,26.4,26.1,28.29,0.0,13.75
09/08/2021/22/49/44,4,4,-9.83,3.438,3.4385,3.4371,3.4382,0,26.1,26.7,26.7,26.7,28.23,0.0,13.75
09/08/2021/22/49/54,4,4,-9.89,3.4378,3.4383,3.437,3.438,0,26.4,27,26.7,26.4,28.25,0.0,13.75
09/08/2021/22/50/04,4,4,-9.85,3.4376,3.4382,3.4368,3.4378,0,26.7,27,27,26.1,28.21,0.0,13.75
09/08/2021/22/50/14,4,4,-9.94,3.4374,3.438,3.4366,3.4376,0,26.7,27,26.4,26.1,28.24,0.0,13.75
09/08/2021/22/50/24,4,4,-9.94,3.4372,3.438,3.4366,3.4374,0,26.4,26.4,26.4,26.7,28.23,0.0,13.75
09/08/2021/22/50/34,4,4,-9.82,3.4372,3.4378,3.4365,3.4372,0,26.7,26.4,26.7,26.7,28.16,0.0,13.75
09/08/2021/22/50/44,4,4,-9.94,3.437,3.4377,3.4364,3.4371,0,26.1,26.4,26.4,26.7,28.21,0.0,13.75
09/08/2021/22/50/54,4,4,-9.85,3.4368,3.4377,3.4362,3.4371,0,26.1,27,26.7,26.4,28.15,0.0,13.75
09/08/2021/22/51/04,4,4,-9.93,3.4367,3.4376,3.4362,3.437,0,26.4,26.4,26.7,26.7,28.18,0.0,13.75
09/08/2021/22/51/13,4,4,-9.91,3.4365,3.4374,3.4362,3.4369,0,26.7,27,27,26.7,28.15,0.0,13.75
09/08/2021/22/51/23,4,4,-9.81,3.4365,3.4373,3.436,3.4369,0,26.7,26.7,27,26.1,28.1,0.0,13.75
09/08/2021/22/51/33,4,4,-9.81,3.4365,3.4373,3.436,3.4368,0,26.7,26.7,26.4,26.4,28.1,0.0,13.75
09/08/2021/22/51/43,4,4,-9.91,3.4364,3.4371,3.436,3.4368,0,26.4,26.7,26.7,26.7,28.15,0.0,13.75
09/08/2021/22/51/53,4,4,-9.92,3.4364,3.437,3.4358,3.4367,0,26.7,26.7,26.4,26.4,28.15,0.0,13.75
09/08/2021/22/52/03,4,4,-9.81,3.4362,3.4368,3.4358,3.4367,0,26.1,26.7,26.4,26.7,28.08,0.0,13.75
09/08/2021/22/52/13,4,4,-9.86,3.4361,3.4368,3.4357,3.4365,0,26.4,26.7,27,26.4,28.1,0.0,13.75
09/08/2021/22/52/23,4,4,-9.93,3.436,3.4367,3.4357,3.4364,0,26.4,26.4,26.7,26.1,28.12,0.0,13.74
09/08/2021/22/52/33,4,4,-9.82,3.4359,3.4365,3.4355,3.4363,0,26.4,27,26.7,26.7,28.06,0.0,13.74
09/08/2021/22/52/43,4,4,-9.82,3.4359,3.4363,3.4353,3.4362,0,26.7,26.4,26.7,26.7,28.06,0.0,13.74
09/08/2021/22/52/53,4,4,-9.79,3.4359,3.4362,3.4352,3.4362,0,26.7,27,27,26.4,28.04,0.0,13.74
09/08/2021/22/53/03,4,4,-9.8,3.4358,3.4361,3.4352,3.436,0,26.1,26.4,27,26.1,28.04,0.0,13.74
09/08/2021/22/53/13,4,4,-9.8,3.4357,3.4361,3.435,3.4359,0,26.4,27,27,26.7,28.03,0.0,13.74
09/08/2021/22/53/23,4,4,-9.92,3.4355,3.436,3.435,3.4359,0,26.4,27,26.4,26.1,28.08,0.0,13.74
09/08/2021/22/53/33,4,4,-9.86,3.4354,3.4359,3.4349,3.4359,0,26.4,26.7,27,26.7,28.04,0.0,13.74
09/08/2021/22/53/43,4,4,-9.87,3.4353,3.4357,3.4348,3.4358,0,26.4,26.7,27,26.1,28.04,0.0,13.74
09/08/2021/22/53/53,4,4,-9.89,3.4353,3.4355,3.4346,3.4358,0,26.7,26.7,26.7,26.1,28.05,0.0,13.74
09/08/2021/22/54/03,4,4,-9.8,3.4353,3.4355,3.4345,3.4357,0,26.1,27,26.7,26.1,28,0.0,13.74
09/08/2021/22/54/13,4,4,-9.93,3.4352,3.4353,3.4344,3.4355,0,26.4,26.7,26.7,26.7,28.06,0.0,13.74
09/08/2021/22/54/23,4,4,-9.92,3.435,3.4353,3.4343,3.4354,0,26.7,26.4,26.7,26.4,28.04,0.0,13.74
09/08/2021/22/54/33,4,4,-9.94,3.435,3.4352,3.4343,3.4353,0,26.7,27,26.7,26.7,28.05,0.0,13.74
09/08/2021/22/54/43,4,4,-9.8,3.435,3.4351,3.4341,3.4352,0,26.7,26.4,27,26.4,27.98,0.0,13.74
09/08/2021/22/54/53,4,4,-9.81,3.4348,3.435,3.434,3.4352,0,26.7,26.7,27,26.7,27.97,0.0,13.74
09/08/2021/22/55/04,4,4,-9.88,3.4347,3.4348,3.4339,3.435,0,26.1,26.7,26.4,26.7,28,0.0,13.74
09/08/2021/22/55/14,4,4,-9.9,3.4346,3.4348,3.4338,3.4349,0,26.4,26.7,27,26.1,28,0.0,13.74
09/08/2021/22/55/24,4,4,-9.84,3.4346,3.4347,3.4337,3.4348,0,26.1,26.4,26.7,26.4,27.97,0.0,13.74
09/08/2021/22/55/34,4,4,-9.89,3.4345,3.4345,3.4336,3.4347,0,26.7,26.4,26.4,26.4,27.99,0.0,13.74
09/08/2021/22/55/44,4,4,-9.93,3.4344,3.4343,3.4336,3.4345,0,26.1,27,26.4,26.7,28,0.0,13.74
09/08/2021/22/55/54,4,4,-9.82,3.4342,3.4342,3.4334,3.4344,0,26.7,26.4,27,26.4,27.93,0.0,13.74
09/08/2021/22/56/04,4,4,-9.79,3.434,3.4341,3.4332,3.4342,0,26.1,27,26.7,26.1,27.89,0.0,13.74
09/08/2021/22/56/14,4,4,-9.83,3.4338,3.434,3.4332,3.4342,0,26.7,27,27,26.7,27.9,0.0,13.74
09/08/2021/22/56/24,4,4,-9.9,3.4336,3.4338,3.4332,3.434,0,26.4,26.4,26.4,26.4,27.92,0.0,13.73
09/08/2021/22/56/34,4,4,-9.83,3.4334,3.4337,3.4332,3.434,0,26.7,27,26.7,26.7,27.87,0.0,13.73
09/08/2021/22/56/44,4,4,-9.79,3.4334,3.4336,3.4331,3.4338,0,26.4,26.4,27,26.7,27.85,0.0,13.73
09/08/2021/22/56/54,4,4,-9.82,3.4332,3.4335,3.433,3.4338,0,26.7,26.4,26.4,26.7,27.85,0.0,13.73
09/08/2021/22/57/04,4,4,-9.89,3.433,3.4334,3.4328,3.4337,0,26.4,26.7,27,26.1,27.87,0.0,13.73
09/08/2021/22/57/14,4,4,-9.79,3.433,3.4332,3.4328,3.4337,0,26.4,26.4,26.4,26.1,27.81,0.0,13.73
09/08/2021/22/57/24,4,4,-9.82,3.4328,3.433,3.4327,3.4336,0,26.1,26.7,27,26.7,27.81,0.0,13.73
09/08/2021/22/57/34,4,4,-9.89,3.4328,3.4328,3.4327,3.4334,0,26.1,27,26.4,26.4,27.85,0.0,13.73
09/08/2021/22/57/44,4,4,-9.87,3.4328,3.4328,3.4326,3.4333,0,26.1,27,26.4,26.7,27.84,0.0,13.73
09/08/2021/22/57/54,4,4,-9.85,3.4326,3.4327,3.4326,3.4333,0,26.1,26.4,26.7,26.7,27.81,0.0,13.73
09/08/2021/22/58/04,4,4,-9.79,3.4326,3.4326,3.4326,3.4331,0,26.4,26.4,26.7,26.1,27.78,0.0,13.73
09/08/2021/22/58/14,4,4,-9.91,3.4325,3.4325,3.4326,3.433,0,26.1,26.7,26.7,26.4,27.84,0.0,13.73
09/08/2021/22/58/24,4,4,-9.9,3.4324,3.4325,3.4325,3.4329,0,26.4,27,26.4,26.4,27.82,0.0,13.73
09/08/2021/22/58/34,4,4,-9.91,3.4323,3.4323,3.4324,3.4327,0,26.4,26.4,27,26.4,27.82,0.0,13.73
09/08/2021/22/58/44,4,4,-9.9,3.4323,3.4322,3.4324,3.4326,0,26.1,26.4,27,26.4,27.82,0.0,13.73
09/08/2021/22/58/54,4,4,-9.84,3.4321,3.4321,3.4323,3.4324,0,26.1,26.7,26.4,26.1,27.77,0.0,13.73
09/08/2021/22/59/04,4,4,-9.8,3.432,3.4319,3.4321,3.4324,0,26.4,26.7,27,26.7,27.74,0.0,13.73
09/08/2021/22/59/14,4,4,-9.84,3.4319,3.4319,3.4321,3.4323,0,26.1,26.4,26.7,26.1,27.75,0.0,13.73
09/08/2021/22/59/24,4,4,-9.86,3.4319,3.4317,3.4321,3.4322,0,26.1,27,26.7,26.4,27.76,0.0,13.73
09/08/2021/22/59/34,4,4,-9.9,3.4317,3.4315,3.432,3.4321,0,26.4,26.7,27,26.7,27.77,0.0,13.73
09/08/2021/22/59/44,4,4,-9.83,3.4315,3.4314,3.4319,3.4319,0,26.1,26.4,26.7,26.7,27.72,0.0,13.73
09/08/2021/22/59/54,4,4,-9.85,3.4313,3.4314,3.4319,3.4317,0,26.4,26.4,27,26.7,27.71,0.0,13.73
09/08/2021/23/00/04,4,4,-9.84,3.4312,3.4314,3.4318,3.4316,0,26.1,27,26.7,26.1,27.7,0.0,13.73
09/08/2021/23/00/14,4,4,-9.8,3.4312,3.4312,3.4317,3.4316,0,26.7,26.4,26.7,26.4,27.68,0.0,13.73
09/08/2021/23/00/24,4,4,-9.81,3.4311,3.4311,3.4316,3.4315,0,26.4,26.4,27,26.7,27.68,0.0,13.73
09/08/2021/23/00/34,4,4,-9.89,3.431,3.431,3.4316,3.4315,0,26.4,26.4,27,26.4,27.71,0.0,13.73
09/08/2021/23/00/44,4,4,-9.8,3.4308,3.431,3.4316,3.4313,0,26.7,26.7,26.7,26.1,27.65,0.0,13.72
09/08/2021/23/00/54,4,4,-9.84,3.4307,3.431,3.4316,3.4313,0,26.4,26.7,27,26.7,27.66,0.0,13.72
09/08/2021/23/01/04,4,4,-9.87,3.4305,3.4309,3.4315,3.4313,0,26.4,26.4,27,26.4,27.66,0.0,13.72
09/08/2021/23/01/14,4,4,-9.89,3.4303,3.4307,3.4314,3.4311,0,26.1,27,26.4,26.7,27.65,0.0,13.72
09/08/2021/23/01/24,4,4,-9.82,3.4302,3.4306,3.4313,3.431,0,26.4,26.4,26.4,26.1,27.61,0.0,13.72
09/08/2021/23/01/34,4,4,-9.85,3.4302,3.4305,3.4313,3.4309,0,26.4,27,26.7,26.1,27.63,0.0,13.72
09/08/2021/23/01/44,4,4,-9.91,3.43,3.4305,3.4312,3.4308,0,26.1,27,27,26.7,27.64,0.0,13.72
09/08/2021/23/01/54,4,4,-9.82,3.4298,3.4305,3.4312,3.4307,0,26.4,27,26.7,26.1,27.58,0.0,13.72
09/08/2021/23/02/04,4,4,-9.85,3.4297,3.4303,3.4312,3.4306,0,26.1,26.4,26.4,26.1,27.59,0.0,13.72
09/08/2021/23/02/14,4,4,-9.89,3.4296,3.4302,3.4312,3.4305,0,26.1,26.4,27,26.7,27.6,0.0,13.72
09/08/2021/23/02/24,4,4,-9.88,3.4295,3.4302,3.431,3.4303,0,26.4,26.4,26.4,26.7,27.59,0.0,13.72
09/08/2021/23/02/34,4,4,-9.91,3.4293,3.4301,3.4309,3.4302,0,26.4,26.7,26.7,26.7,27.59,0.0,13.72
09/08/2021/23/02/44,4,4,-9.8,3.4292,3.43,3.4308,3.4301,0,26.4,26.4,27,26.1,27.52,0.0,13.72
09/08/2021/23/02/54,4,4,-9.84,3.429,3.4299,3.4308,3.43,0,26.4,26.7,27,26.7,27.53,0.0,13.72
09/08/2021/23/03/04,4,4,-9.85,3.4288,3.4299,3.4308,3.4299,0,26.7,26.7,27,26.7,27.52,0.0,13.72
09/08/2021/23/03/14,4,4,-9.94,3.4286,3.4299,3.4308,3.4297,0,26.4,27,26.7,26.4,27.55,0.0,13.72
09/08/2021/23/03/24,4,4,-9.84,3.4284,3.4297,3.4307,3.4295,0,26.1,27,26.4,26.4,27.48,0.0,13.72
09/08/2021/23/03/34,4,4,-9.79,3.4283,3.4295,3.4307,3.4294,0,26.7,26.7,26.4,26.7,27.45,0.0,13.72
09/08/2021/23/03/44,4,4,-9.93,3.4282,3.4294,3.4307,3.4294,0,26.4,26.7,26.4,26.4,27.51,0.0,13.72
09/08/2021/23/03/54,4,4,-9.93,3.4281,3.4294,3.4305,3.4292,0,26.4,26.4,26.4,26.1,27.5,0.0,13.72
09/08/2021/23/04/04,4,4,-9.88,3.4279,3.4294,3.4305,3.4291,0,26.7,26.4,26.7,26.7,27.46,0.0,13.72
09/08/2021/23/04/14,4,4,-9.86,3.4277,3.4293,3.4304,3.429,0,26.1,26.7,26.4,26.1,27.44,0.0,13.72
09/08/2021/23/04/24,4,4,-9.81,3.4277,3.4291,3.4303,3.429,0,26.7,26.7,27,26.1,27.41,0.0,13.72
09/08/2021/23/04/34,4,4,-9.81,3.4275,3.4291,3.4303,3.4288,0,26.4,27,26.7,26.1,27.39,0.0,13.72
09/08/2021/23/04/44,4,4,-9.81,3.4275,3.4291,3.4303,3.4288,0,26.1,27,27,26.4,27.39,0.0,13.72
09/08/2021/23/04/54,4,4,-9.8,3.4274,3.4291,3.4302,3.4286,0,26.4,26.4,26.7,26.7,27.38,0.0,13.72
09/08/2021/23/05/04,4,4,-9.84,3.4274,3.4289,3.4302,3.4285,0,26.1,27,27,26.1,27.4,0.0,13.72
09/08/2021/23/05/14,4,4,-9.82,3.4273,3.4288,3.4302,3.4285,0,26.7,27,26.4,26.4,27.38,0.0,13.71
09/08/2021/23/05/24,4,4,-9.89,3.4271,3.4287,3.4301,3.4283,0,26.7,26.4,27,26.1,27.4,0.0,13.71
09/08/2021/23/05/34,4,4,-9.93,3.4271,3.4286,3.4301,3.4282,0,26.1,26.4,26.4,26.4,27.42,0.0,13.71
09/08/2021/23/05/44,4,4,-9.85,3.427,3.4285,3.4301,3.428,0,26.1,26.4,26.7,26.4,27.38,0.0,13.71
09/08/2021/23/05/54,4,4,-9.9,3.427,3.4284,3.4301,3.4279,0,26.1,27,27,26.4,27.4,0.0,13.71
09/08/2021/23/06/04,4,4,-9.94,3.427,3.4283,3.43,3.4278,0,26.4,27,26.4,26.7,27.42,0.0,13.71
09/08/2021/23/06/14,4,4,-9.86,3.4269,3.4283,3.4298,3.4278,0,26.1,26.4,27,26.4,27.37,0.0,13.71
09/08/2021/23/06/24,4,4,-9.82,3.4268,3.4283,3.4297,3.4276,0,26.1,27,27,26.4,27.34,0.0,13.71
09/08/2021/23/06/34,4,4,-9.89,3.4266,3.4283,3.4297,3.4274,0,26.7,26.7,27,26.1,27.36,0.0,13.71
09/08/2021/23/06/44,4,4,-9.79,3.4266,3.4281,3.4296,3.4272,0,26.4,27,26.7,26.1,27.31,0.0,13.71
09/08/2021/23/06/54,4,4,-9.94,3.4266,3.428,3.4295,3.4271,0,26.7,26.7,27,26.7,27.39,0.0,13.71
09/08/2021/23/07/04,4,4,-9.84,3.4265,3.4278,3.4294,3.4271,0,26.1,26.7,27,26.7,27.33,0.0,13.71
09/08/2021/23/07/14,4,4,-9.81,3.4264,3.4278,3.4293,3.427,0,26.1,27,27,26.1,27.31,0.0,13.71
09/08/2021/23/07/24,4,4,-9.86,3.4263,3.4277,3.4291,3.4269,0,26.7,26.4,26.4,26.4,27.33,0.0,13.71
09/08/2021/23/07/34,4,4,-9.82,3.4261,3.4275,3.4289,3.4268,0,26.7,26.7,26.4,26.7,27.29,0.0,13.71
09/08/2021/23/07/44,4,4,-9.84,3.426,3.4274,3.4287,3.4266,0,26.7,26.7,26.4,26.7,27.29,0.0,13.71
09/08/2021/23/07/54,4,4,-9.82,3.426,3.4272,3.4287,3.4264,0,26.4,26.7,26.7,26.1,27.28,0.0,13.71
09/08/2021/23/08/04,4,4,-9.83,3.4259,3.4271,3.4285,3.4264,0,26.4,27,26.4,26.1,27.28,0.0,13.71
09/08/2021/23/08/14,4,4,-9.8,3.4257,3.4269,3.4284,3.4262,0,26.1,27,26.7,26.7,27.25,0.0,13.71
09/08/2021/23/08/24,4,4,-9.92,3.4255,3.4269,3.4283,3.4261,0,26.1,27,26.4,26.7,27.29,0.0,13.71
09/08/2021/23/08/34,4,4,-9.87,3.4254,3.4269,3.4282,3.4259,0,26.4,26.4,26.4,26.1,27.26,0.0,13.71
09/08/2021/23/08/44,4,4,-9.85,3.4254,3.4267,3.4281,3.4258,0,26.4,26.7,26.7,26.4,27.25,0.0,13.71
09/08/2021/23/08/54,4,4,-9.83,3.4252,3.4265,3.4281,3.4258,0,26.4,26.7,26.4,26.7,27.22,0.0,13.71
09/08/2021/23/09/04,4,4,-9.84,3.4251,3.4264,3.428,3.4256,0,26.4,26.4,26.4,26.1,27.22,0.0,13.71
09/08/2021/23/09/14,4,4,-9.83,3.425,3.4263,3.4279,3.4254,0,26.4,27,26.4,26.7,27.21,0.0,13.7
09/08/2021/23/09/24,4,4,-9.92,3.425,3.4262,3.4278,3.4253,0,26.4,27,27,26.4,27.26,0.0,13.7
09/08/2021/23/09/34,4,4,-9.92,3.4248,3.426,3.4276,3.4251,0,26.1,26.7,26.4,26.4,27.24,0.0,13.7
09/08/2021/23/09/44,4,4,-9.87,3.4247,3.4259,3.4274,3.425,0,26.1,26.4,26.7,26.7,27.21,0.0,13.7
09/08/2021/23/09/54,4,4,-9.91,3.4246,3.4257,3.4274,3.4248,0,26.1,26.7,26.4,26.4,27.22,0.0,13.7
09/08/2021/23/10/04,4,4,-9.9,3.4245,3.4255,3.4273,3.4247,0,26.7,27,26.4,26.4,27.21,0.0,13.7
09/08/2021/23/10/14,4,4,-9.93,3.4244,3.4255,3.4273,3.4246,0,26.1,26.4,26.7,26.7,27.21,0.0,13.7
09/08/2021/23/10/24,4,4,-9.84,3.4242,3.4254,3.4273,3.4245,0,26.1,26.7,26.7,26.7,27.15,0.0,13.7
09/08/2021/23/10/34,4,4,-9.91,3.4242,3.4253,3.4273,3.4243,0,26.1,26.4,27,26.7,27.19,0.0,13.7
09/08/2021/23/10/44,4,4,-9.94,3.424,3.4252,3.4272,3.4243,0,26.7,26.7,26.7,26.7,27.19,0.0,13.7
09/08/2021/23/10/54,4,4,-9.89,3.424,3.425,3.4271,3.4242,0,26.4,27,27,26.4,27.16,0.0,13.7
09/08/2021/23/11/04,4,4,-9.86,3.424,3.4248,3.4269,3.4241,0,26.1,27,26.7,26.7,27.15,0.0,13.7
09/08/2021/23/11/14,4,4,-9.88,3.424,3.4247,3.4267,3.424,0,26.1,27,26.4,26.1,27.16,0.0,13.7
09/08/2021/23/11/24,4,4,-9.82,3.424,3.4247,3.4267,3.4238,0,26.7,26.7,27,26.7,27.13,0.0,13.7
09/08/2021/23/11/34,4,4,-9.94,3.4239,3.4245,3.4266,3.4238,0,26.4,26.7,26.7,26.4,27.18,0.0,13.7
09/08/2021/23/11/44,4,4,-9.83,3.4238,3.4244,3.4266,3.4237,0,26.7,26.7,27,26.4,27.12,0.0,13.7
09/08/2021/23/11/54,4,4,-9.85,3.4237,3.4242,3.4265,3.4236,0,26.4,27,26.7,26.4,27.12,0.0,13.7
09/08/2021/23/12/04,4,4,-9.87,3.4236,3.4242,3.4263,3.4236,0,26.7,26.4,26.4,26.7,27.12,0.0,13.7
09/08/2021/23/12/14,4,4,-9.8,3.4235,3.4242,3.4262,3.4234,0,26.1,26.4,26.4,26.1,27.08,0.0,13.7
09/08/2021/23/12/24,4,4,-9.93,3.4234,3.4241,3.4261,3.4234,0,26.4,27,26.7,26.4,27.14,0.0,13.7
09/08/2021/23/12/34,4,4,-9.86,3.4233,3.424,3.426,3.4233,0,26.7,26.7,27,26.1,27.09,0.0,13.7
09/08/2021/23/12/44,4,4,-9.9,3.4232,3.4238,3.426,3.4232,0,26.4,26.7,26.7,26.4,27.11,0.0,13.7
09/08/2021/23/12/55,4,4,-9.79,3.4232,3.4236,3.4258,3.4231,0,26.4,26.7,26.7,26.4,27.05,0.0,13.7
09/08/2021/23/13/05,4,4,-9.8,3.423,3.4234,3.4257,3.4231,0,26.1,26.4,26.7,26.1,27.04,0.0,13.7
09/08/2021/23/13/15,4,4,-9.87,3.4228,3.4233,3.4255,3.423,0,26.7,26.4,26.4,26.4,27.06,0.0,13.69
09/08/2021/23/13/25,4,4,-9.83,3.4228,3.4232,3.4255,3.4228,0,26.4,26.4,27,26.1,27.04,0.0,13.69
09/08/2021/23/13/35,4,4,-9.88,3.4228,3.4231,3.4255,3.4226,0,26.7,26.4,26.7,26.4,27.06,0.0,13.69
09/08/2021/23/13/45,4,4,-9.86,3.4227,3.423,3.4255,3.4224,0,26.7,26.7,26.7,26.1,27.05,0.0,13.69
09/08/2021/23/13/55,4,4,-9.92,3.4226,3.4229,3.4254,3.4222,0,26.1,26.7,26.4,26.4,27.07,0.0,13.69
09/08/2021/23/14/05,4,4,-9.94,3.4224,3.4228,3.4253,3.4221,0,26.1,26.7,27,26.4,27.06,0.0,13.69
09/08/2021/23/14/15,4,4,-9.94,3.4222,3.4227,3.4252,3.422,0,26.1,26.7,26.4,26.4,27.05,0.0,13.69
09/08/2021/23/14/25,4,4,-9.84,3.4222,3.4225,3.425,3.422,0,26.1,26.4,27,26.1,27,0.0,13.69
09/08/2021/23/14/35,4,4,-9.81,3.4222,3.4225,3.4248,3.4218,0,26.4,26.4,26.7,26.1,26.98,0.0,13.69
09/08/2021/23/14/45,4,4,-9.92,3.4222,3.4224,3.4246,3.4217,0,26.4,26.7,26.4,26.1,27.04,0.0,13.69
09/08/2021/23/14/55,4,4,-9.87,3.422,3.4223,3.4245,3.4216,0,26.4,26.4,27,26.4,27,0.0,13.69
09/08/2021/23/15/05,4,4,-9.84,3.422,3.4222,3.4244,3.4216,0,26.4,26.4,26.7,26.4,26.98,0.0,13.69
09/08/2021/23/15/15,4,4,-9.85,3.4219,3.4221,3.4242,3.4215,0,26.4,26.7,26.7,26.1,26.98,0.0,13.69
09/08/2021/23/15/25,4,4,-9.94,3.4217,3.422,3.4241,3.4215,0,26.7,27,26.4,26.4,27.01,0.0,13.69
09/08/2021/23/15/35,4,4,-9.85,3.4216,3.4218,3.424,3.4214,0,26.7,26.7,27,26.7,26.96,0.0,13.69
09/08/2021/23/15/45,4,4,-9.92,3.4216,3.4217,3.424,3.4214,0,26.1,26.4,27,26.4,26.99,0.0,13.69
09/08/2021/23/15/55,4,4,-9.88,3.4215,3.4216,3.4238,3.4212,0,26.7,27,26.7,26.1,26.96,0.0,13.69
09/08/2021/23/16/05,4,4,-9.88,3.4213,3.4215,3.4237,3.421,0,26.4,26.7,26.7,26.7,26.95,0.0,13.69
09/08/2021/23/16/15,4,4,-9.85,3.4211,3.4214,3.4236,3.421,0,26.1,27,27,26.1,26.92,0.0,13.69
09/08/2021/23/16/25,4,4,-9.9,3.4211,3.4213,3.4235,3.4208,0,26.1,26.4,26.4,26.7,26.94,0.0,13.69
09/08/2021/23/16/35,4,4,-9.87,3.4209,3.4213,3.4235,3.4208,0,26.1,26.7,26.7,26.4,26.91,0.0,13.69
09/08/2021/23/16/45,4,4,-9.79,3.4209,3.4212,3.4234,3.4207,0,26.4,27,26.7,26.1,26.87,0.0,13.69
09/08/2021/23/16/55,4,4,-9.84,3.4208,3.421,3.4233,3.4206,0,26.7,26.7,27,26.4,26.89,0.0,13.69
09/08/2021/23/17/05,4,4,-9.86,3.4207,3.4209,3.4233,3.4204,0,26.7,27,26.4,26.1,26.89,0.0,13.69
09/08/2021/23/17/15,4,4,-9.84,3.4207,3.4207,3.4233,3.4202,0,26.1,27,27,26.1,26.88,0.0,13.68
09/08/2021/23/17/25,4,4,-9.88,3.4207,3.4207,3.4232,3.4202,0,26.1,27,27,26.1,26.9,0.0,13.68
09/08/2021/23/17/35,4,4,-9.87,3.4205,3.4206,3.423,3.4202,0,26.4,26.4,26.7,26.7,26.88,0.0,13.68
09/08/2021/23/17/45,4,4,-9.89,3.4204,3.4205,3.4228,3.4201,0,26.1,26.4,26.7,26.4,26.88,0.0,13.68
09/08/2021/23/17/55,4,4,-9.79,3.4202,3.4205,3.4227,3.42,0,26.4,26.7,26.7,26.7,26.82,0.0,13.68
09/08/2021/23/18/05,4,4,-9.94,3.4201,3.4205,3.4225,3.4198,0,26.1,27,27,26.4,26.89,0.0,13.68
09/08/2021/23/18/15,4,4,-9.87,3.42,3.4205,3.4224,3.4197,0,26.7,26.7,26.4,26.1,26.84,0.0,13.68
09/08/2021/23/18/25,4,4,-9.9,3.42,3.4203,3.4223,3.4197,0,26.1,26.7,27,26.4,26.86,0.0,13.68
09/08/2021/23/18/35,4,4,-9.9,3.42,3.4201,3.4222,3.4196,0,26.1,27,27,26.7,26.86,0.0,13.68
09/08/2021/23/18/45,4,4,-9.94,3.4198,3.4199,3.4221,3.4195,0,26.4,27,26.7,26.7,26.86,0.0,13.68
09/08/2021/23/18/55,4,4,-9.8,3.4198,3.4199,3.4221,3.4194,0,26.1,27,26.7,26.7,26.79,0.0,13.68
09/08/2021/23/19/05,4,4,-9.8,3.4198,3.4198,3.422,3.4194,0,26.4,26.4,26.7,26.4,26.79,0.0,13.68
09/08/2021/23/19/15,4,4,-9.94,3.4197,3.4198,3.4219,3.4193,0,26.4,27,26.4,26.1,26.86,0.0,13.68
09/08/2021/23/19/25,4,4,-9.88,3.4195,3.4198,3.4217,3.4193,0,26.1,27,27,26.7,26.81,0.0,13.68
09/08/2021/23/19/35,4,4,-9.9,3.4195,3.4197,3.4217,3.4191,0,26.1,26.7,26.7,26.4,26.82,0.0,13.68
09/08/2021/23/19/45,4,4,-9.81,3.4193,3.4195,3.4216,3.419,0,26.4,26.7,27,26.1,26.76,0.0,13.68
09/08/2021/23/19/55,4,4,-9.79,3.4192,3.4195,3.4215,3.4189,0,26.4,26.7,26.4,26.1,26.74,0.0,13.68
09/08/2021/23/20/05,4,4,-9.81,3.4192,3.4193,3.4214,3.4189,0,26.1,26.7,27,26.1,26.75,0.0,13.68
09/08/2021/23/20/15,4,4,-9.82,3.4191,3.4191,3.4213,3.4188,0,26.7,26.4,27,26.4,26.75,0.0,13.68
09/08/2021/23/20/25,4,4,-9.79,3.419,3.4191,3.4211,3.4188,0,26.7,27,26.4,26.4,26.73,0.0,13.68
09/08/2021/23/20/35,4,4,-9.89,3.4188,3.4189,3.4209,3.4187,0,26.7,26.7,26.4,26.7,26.76,0.0,13.68
09/08/2021/23/20/45,4,4,-9.86,3.4186,3.4188,3.4208,3.4186,0,26.4,27,26.7,26.4,26.73,0.0,13.68
09/08/2021/23/20/55,4,4,-9.82,3.4185,3.4186,3.4208,3.4186,0,26.4,26.7,27,26.1,26.7,0.0,13.68
09/08/2021/23/21/05,4,4,-9.94,3.4185,3.4184,3.4207,3.4184,0,26.1,26.4,26.4,26.7,26.76,0.0,13.68
09/08/2021/23/21/15,4,4,-9.86,3.4183,3.4182,3.4205,3.4184,0,26.1,27,27,26.7,26.71,0.0,13.68
09/08/2021/23/21/25,4,4,-9.94,3.4182,3.4181,3.4204,3.4184,0,26.7,26.7,26.7,26.7,26.74,0.0,13.68
09/08/2021/23/21/35,4,4,-9.79,3.4182,3.4179,3.4204,3.4182,0,26.1,26.7,26.4,26.4,26.66,0.0,13.67
09/08/2021/23/21/45,4,4,-9.84,3.418,3.4179,3.4204,3.4181,0,26.4,26.4,26.7,26.7,26.67,0.0,13.67
09/08/2021/23/21/55,4,4,-9.81,3.4179,3.4178,3.4203,3.418,0,26.7,26.7,26.7,26.4,26.65,0.0,13.67
09/08/2021/23/22/05,4,4,-9.84,3.4179,3.4178,3.4201,3.4178,0,26.1,26.4,26.4,26.4,26.67,0.0,13.67
09/08/2021/23/22/15,4,4,-9.91,3.4178,3.4178,3.42,3.4177,0,26.7,26.7,27,26.4,26.69,0.0,13.67
09/08/2021/23/22/25,4,4,-9.9,3.4177,3.4178,3.4199,3.4175,0,26.4,26.7,27,26.7,26.68,0.0,13.67
09/08/2021/23/22/35,4,4,-9.79,3.4175,3.4177,3.4197,3.4175,0,26.4,26.4,26.4,26.1,26.61,0.0,13.67
09/08/2021/23/22/45,4,4,-9.91,3.4174,3.4175,3.4197,3.4174,0,26.7,27,26.7,26.4,26.66,0.0,13.67
09/08/2021/23/22/55,4,4,-9.85,3.4174,3.4175,3.4195,3.4173,0,26.7,26.7,26.4,26.7,26.63,0.0,13.67
09/08/2021/23/23/05,4,4,-9.91,3.4173,3.4174,3.4195,3.4173,0,26.7,26.7,26.4,26.4,26.66,0.0,13.67
09/08/2021/23/23/15,4,4,-9.87,3.4172,3.4173,3.4194,3.4171,0,26.7,26.7,26.4,26.7,26.63,0.0,13.67
09/08/2021/23/23/25,4,4,-9.86,3.4172,3.4172,3.4192,3.417,0,26.4,27,27,26.1,26.62,0.0,13.67
09/08/2021/23/23/35,4,4,-9.82,3.4171,3.4172,3.4191,3.4169,0,26.4,27,26.7,26.1,26.59,0.0,13.67
09/08/2021/23/23/45,4,4,-9.94,3.4171,3.417,3.4191,3.4167,0,26.4,26.4,27,26.7,26.66,0.0,13.67
09/08/2021/23/23/55,4,4,-9.88,3.4171,3.4169,3.419,3.4166,0,26.4,27,26.7,26.4,26.62,0.0,13.67
09/08/2021/23/24/05,4,4,-9.83,3.4171,3.4168,3.4188,3.4165,0,26.1,27,26.7,26.7,26.6,0.0,13.67
09/08/2021/23/24/15,4,4,-9.91,3.4171,3.4168,3.4187,3.4164,0,26.4,26.7,27,26.1,26.64,0.0,13.67
09/08/2021/23/24/25,4,4,-9.9,3.417,3.4167,3.4186,3.4163,0,26.7,26.7,26.7,26.7,26.63,0.0,13.67
09/08/2021/23/24/35,4,4,-9.94,3.417,3.4166,3.4186,3.4162,0,26.1,26.7,26.4,26.4,26.65,0.0,13.67
09/08/2021/23/24/45,4,4,-9.89,3.4169,3.4165,3.4186,3.4161,0,26.1,27,26.7,26.4,26.61,0.0,13.67
09/08/2021/23/24/55,4,4,-9.93,3.4168,3.4165,3.4185,3.4161,0,26.1,26.4,27,26.7,26.63,0.0,13.67
09/08/2021/23/25/05,4,4,-9.93,3.4167,3.4165,3.4184,3.416,0,26.7,26.7,27,26.4,26.62,0.0,13.67
09/08/2021/23/25/15,4,4,-9.82,3.4165,3.4163,3.4183,3.4159,0,26.7,26.7,26.7,26.1,26.55,0.0,13.67
09/08/2021/23/25/25,4,4,-9.82,3.4163,3.4161,3.4182,3.4157,0,26.4,26.7,26.4,26.1,26.53,0.0,13.67
09/08/2021/23/25/35,4,4,-9.87,3.4162,3.416,3.4181,3.4157,0,26.7,26.7,26.7,26.4,26.55,0.0,13.67
09/08/2021/23/25/45,4,4,-9.9,3.416,3.4158,3.4181,3.4155,0,26.1,26.4,26.7,26.4,26.55,0.0,13.67
09/08/2021/23/25/55,4,4,-9.94,3.4159,3.4157,3.418,3.4154,0,26.1,27,26.4,26.1,26.56,0.0,13.67
09/08/2021/23/26/05,4,4,-9.81,3.4158,3.4156,3.4179,3.4153,0,26.1,27,27,26.7,26.49,0.0,13.66
09/08/2021/23/26/15,4,4,-9.94,3.4156,3.4154,3.4177,3.4152,0,26.4,27,27,26.1,26.54,0.0,13.66
09/08/2021/23/26/25,4,4,-9.8,3.4156,3.4154,3.4176,3.4151,0,26.4,26.7,27,26.7,26.47,0.0,13.66
09/08/2021/23/26/35,4,4,-9.84,3.4154,3.4154,3.4175,3.4151,0,26.1,26.7,27,26.1,26.47,0.0,13.66
09/08/2021/23/26/45,4,4,-9.88,3.4152,3.4153,3.4175,3.415,0,26.7,26.4,26.4,26.7,26.48,0.0,13.66
09/08/2021/23/26/55,4,4,-9.88,3.4152,3.4151,3.4174,3.415,0,26.1,26.4,26.7,26.7,26.48,0.0,13.66
09/08/2021/23/27/05,4,4,-9.84,3.4151,3.4151,3.4172,3.415,0,26.1,27,26.7,26.4,26.45,0.0,13.66
09/08/2021/23/27/15,4,4,-9.93,3.415,3.4149,3.4171,3.4149,0,26.7,26.4,26.7,26.7,26.49,0.0,13.66
09/08/2021/23/27/25,4,4,-9.91,3.415,3.4148,3.4171,3.4148,0,26.4,26.4,26.4,26.1,26.48,0.0,13.66
09/08/2021/23/27/35,4,4,-9.91,3.4149,3.4148,3.4171,3.4147,0,26.4,26.4,26.7,26.4,26.47,0.0,13.66
09/08/2021/23/27/45,4,4,-9.88,3.4149,3.4147,3.417,3.4146,0,26.1,27,27,26.7,26.46,0.0,13.66
09/08/2021/23/27/55,4,4,-9.81,3.4148,3.4146,3.4168,3.4146,0,26.4,26.7,26.7,26.4,26.41,0.0,13.66
09/08/2021/23/28/05,4,4,-9.88,3.4148,3.4145,3.4167,3.4146,0,26.4,26.4,26.7,26.1,26.45,0.0,13.66
09/08/2021/23/28/15,4,4,-9.85,3.4147,3.4145,3.4166,3.4145,0,26.4,27,27,26.4,26.43,0.0,13.66
09/08/2021/23/28/25,4,4,-9.92,3.4147,3.4144,3.4164,3.4143,0,26.7,26.7,27,26.4,26.46,0.0,13.66
09/08/2021/23/28/35,4,4,-9.83,3.4146,3.4143,3.4163,3.4143,0,26.7,27,27,26.7,26.41,0.0,13.66
09/08/2021/23/28/45,4,4,-9.85,3.4145,3.4142,3.4163,3.4141,0,26.1,27,27,26.7,26.41,0.0,13.66
09/08/2021/23/28/55,4,4,-9.83,3.4144,3.414,3.4161,3.414,0,26.7,27,27,26.4,26.39,0.0,13.66
09/08/2021/23/29/05,4,4,-9.82,3.4142,3.414,3.4159,3.4139,0,26.7,26.7,27,26.4,26.37,0.0,13.66
09/08/2021/23/29/15,4,4,-9.81,3.4141,3.414,3.4158,3.4138,0,26.4,27,26.4,26.7,26.36,0.0,13.66
09/08/2021/23/29/25,4,4,-9.91,3.414,3.4139,3.4156,3.4137,0,26.1,26.7,26.4,26.7,26.4,0.0,13.66
09/08/2021/23/29/35,4,4,-9.86,3.4139,3.4138,3.4154,3.4136,0,26.1,26.4,26.4,26.1,26.37,0.0,13.66
09/08/2021/23/29/45,4,4,-9.79,3.4139,3.4136,3.4152,3.4136,0,26.7,26.7,27,26.7,26.33,0.0,13.66
09/08/2021/23/29/55,4,4,-9.8,3.4138,3.4134,3.4151,3.4135,0,26.1,26.4,26.7,26.7,26.33,0.0,13.66
09/08/2021/23/30/05,4,4,-9.85,3.4137,3.4132,3.4149,3.4134,0,26.1,26.4,27,26.1,26.35,0.0,13.66
09/08/2021/23/30/16,4,4,-9.84,3.4137,3.413,3.4147,3.4134,0,26.1,26.4,26.7,26.7,26.34,0.0,13.65
09/08/2021/23/30/26,4,4,-9.83,3.4136,3.413,3.4146,3.4132,0,26.1,27,27,26.7,26.33,0.0,13.65
09/08/2021/23/30/36,4,4,-9.79,3.4135,3.4128,3.4146,3.4131,0,26.7,26.4,26.7,26.1,26.3,0.0,13.65
09/08/2021/23/30/46,4,4,-9.85,3.4133,3.4128,3.4146,3.4129,0,26.7,26.7,26.7,26.4,26.32,0.0,13.65
09/08/2021/23/30/56,4,4,-9.94,3.4131,3.4127,3.4145,3.4127,0,26.7,27,26.7,26.7,26.35,0.0,13.65
09/08/2021/23/31/06,4,4,-9.92,3.4129,3.4126,3.4144,3.4126,0,26.7,26.4,27,26.1,26.32,0.0,13.65
09/08/2021/23/31/16,4,4,-9.85,3.4128,3.4126,3.4143,3.4125,0,26.4,26.7,26.7,26.1,26.28,0.0,13.65
09/08/2021/23/31/26,4,4,-9.85,3.4127,3.4126,3.4142,3.4124,0,26.1,27,26.4,26.1,26.27,0.0,13.65
09/08/2021/23/31/36,4,4,-9.79,3.4125,3.4126,3.4142,3.4122,0,26.7,26.4,26.7,26.1,26.23,0.0,13.65
09/08/2021/23/31/46,4,4,-9.91,3.4125,3.4126,3.4141,3.4121,0,26.4,27,26.4,26.7,26.29,0.0,13.65
09/08/2021/23/31/56,4,4,-9.84,3.4124,3.4126,3.4141,3.4121,0,26.7,26.7,26.7,26.4,26.25,0.0,13.65
09/08/2021/23/32/06,4,4,-9.92,3.4122,3.4124,3.4141,3.412,0,26.7,27,26.4,26.1,26.27,0.0,13.65
09/08/2021/23/32/16,4,4,-9.85,3.4121,3.4123,3.414,3.4119,0,26.4,26.7,26.4,26.1,26.23,0.0,13.65
09/08/2021/23/32/26,4,4,-9.88,3.412,3.4122,3.4139,3.4119,0,26.7,27,26.7,26.7,26.24,0.0,13.65
09/08/2021/23/32/36,4,4,-9.92,3.4119,3.4121,3.4138,3.4117,0,26.1,27,26.4,26.7,26.25,0.0,13.65
09/08/2021/23/32/46,4,4,-9.85,3.4119,3.412,3.4136,3.4115,0,26.7,26.7,27,26.1,26.21,0.0,13.65
09/08/2021/23/32/56,4,4,-9.8,3.4119,3.4118,3.4135,3.4113,0,26.4,27,27,26.7,26.19,0.0,13.65
09/08/2021/23/33/06,4,4,-9.79,3.4119,3.4118,3.4134,3.4111,0,26.4,26.4,27,26.4,26.18,0.0,13.65
09/08/2021/23/33/16,4,4,-9.82,3.4118,3.4118,3.4133,3.411,0,26.4,26.7,26.4,26.7,26.19,0.0,13.65
09/08/2021/23/33/26,4,4,-9.83,3.4117,3.4116,3.4133,3.411,0,26.4,26.4,27,26.1,26.19,0.0,13.65
09/08/2021/23/33/36,4,4,-9.84,3.4117,3.4114,3.4133,3.4108,0,26.4,26.4,26.7,26.1,26.19,0.0,13.65
09/08/2021/23/33/46,4,4,-9.91,3.4115,3.4113,3.4132,3.4107,0,26.7,27,26.4,26.1,26.21,0.0,13.65
09/08/2021/23/33/56,4,4,-9.83,3.4114,3.4111,3.4131,3.4107,0,26.4,26.7,27,26.7,26.16,0.0,13.65
09/08/2021/23/34/06,4,4,-9.94,3.4113,3.4111,3.413,3.4106,0,26.4,26.4,27,26.1,26.21,0.0,13.65
09/08/2021/23/34/16,4,4,-9.83,3.4111,3.4111,3.4129,3.4105,0,26.7,26.4,26.4,26.1,26.14,0.0,13.65
09/08/2021/23/34/26,4,4,-9.91,3.411,3.411,3.4128,3.4105,0,26.7,26.4,27,26.7,26.17,0.0,13.65
09/08/2021/23/34/36,4,4,-9.79,3.4109,3.4108,3.4128,3.4104,0,26.4,26.4,27,26.4,26.11,0.0,13.64
09/08/2021/23/34/46,4,4,-9.86,3.4109,3.4106,3.4127,3.4103,0,26.4,27,26.4,26.1,26.14,0.0,13.64
09/08/2021/23/34/56,4,4,-9.82,3.4108,3.4104,3.4126,3.4103,0,26.4,26.7,26.4,26.7,26.11,0.0,13.64
09/08/2021/23/35/06,4,4,-9.81,3.4107,3.4102,3.4125,3.4102,0,26.1,26.4,26.4,26.7,26.1,0.0,13.64
09/08/2021/23/35/16,4,4,-9.86,3.4106,3.4101,3.4124,3.4101,0,26.4,26.7,27,26.7,26.12,0.0,13.64
09/08/2021/23/35/26,4,4,-9.89,3.4106,3.41,3.4122,3.4099,0,26.1,26.7,26.4,26.1,26.13,0.0,13.64
09/08/2021/23/35/36,4,4,-9.9,3.4106,3.4099,3.412,3.4099,0,26.7,26.4,26.7,26.7,26.14,0.0,13.64
09/08/2021/23/35/46,4,4,-9.9,3.4105,3.4098,3.4119,3.4098,0,26.1,26.7,26.4,26.7,26.13,0.0,13.64
09/08/2021/23/35/56,4,4,-9.8,3.4103,3.4096,3.4119,3.4098,0,26.7,26.7,26.7,26.4,26.07,0.0,13.64
09/08/2021/23/36/06,4,4,-9.79,3.4101,3.4096,3.4118,3.4097,0,26.4,26.4,26.7,26.4,26.05,0.0,13.64
09/08/2021/23/36/16,4,4,-9.87,3.41,3.4095,3.4117,3.4096,0,26.7,26.4,27,26.4,26.08,0.0,13.64
09/08/2021/23/36/26,4,4,-9.87,3.41,3.4093,3.4115,3.4094,0,26.4,26.7,27,26.1,26.08,0.0,13.64
09/08/2021/23/36/36,4,4,-9.81,3.41,3.4091,3.4114,3.4093,0,26.4,26.4,27,26.7,26.05,0.0,13.64
09/08/2021/23/36/46,4,4,-9.83,3.4099,3.409,3.4114,3.4091,0,26.1,26.7,26.4,26.7,26.05,0.0,13.64
09/08/2021/23/36/56,4,4,-9.91,3.4098,3.409,3.4114,3.409,0,26.4,27,26.7,26.1,26.08,0.0,13.64
09/08/2021/23/37/06,4,4,-9.88,3.4098,3.4089,3.4112,3.409,0,26.4,26.7,26.7,26.7,26.07,0.0,13.64
09/08/2021/23/37/16,4,4,-9.85,3.4098,3.4088,3.4111,3.4089,0,26.1,27,27,26.4,26.05,0.0,13.64
09/08/2021/23/37/26,4,4,-9.88,3.4097,3.4087,3.4111,3.4087,0,26.7,26.4,26.7,26.7,26.06,0.0,13.64
09/08/2021/23/37/36,4,4,-9.79,3.4097,3.4087,3.411,3.4087,0,26.1,26.7,26.7,26.7,26.02,0.0,13.64
09/08/2021/23/37/46,4,4,-9.81,3.4096,3.4086,3.4108,3.4086,0,26.4,27,26.7,26.1,26.02,0.0,13.64
09/08/2021/23/37/56,4,4,-9.8,3.4094,3.4085,3.4107,3.4084,0,26.1,26.4,27,26.4,26,0.0,13.64
09/08/2021/23/38/06,4,4,-9.83,3.4093,3.4084,3.4105,3.4082,0,26.4,26.4,27,26.1,26.01,0.0,13.64
09/08/2021/23/38/16,4,4,-9.86,3.4093,3.4083,3.4103,3.4081,0,26.7,26.7,26.4,26.1,26.02,0.0,13.64
09/08/2021/23/38/26,4,4,-9.8,3.4093,3.4081,3.4102,3.408,0,26.1,27,27,26.4,25.99,0.0,13.64
09/08/2021/23/38/36,4,4,-9.8,3.4093,3.408,3.41,3.4078,0,26.4,26.4,27,26.7,25.99,0.0,13.64
09/08/2021/23/38/46,4,4,-9.85,3.4092,3.4078,3.4099,3.4077,0,26.4,27,26.7,26.7,26.01,0.0,13.63
09/08/2021/23/38/56,4,4,-9.82,3.4092,3.4076,3.4098,3.4075,0,26.1,26.7,26.7,26.4,25.99,0.0,13.63
09/08/2021/23/39/06,4,4,-9.86,3.4092,3.4075,3.4098,3.4074,0,26.4,27,26.7,26.1,26.01,0.0,13.63
09/08/2021/23/39/16,4,4,-9.93,3.4091,3.4075,3.4098,3.4073,0,26.7,26.7,27,26.4,26.04,0.0,13.63
09/08/2021/23/39/26,4,4,-9.93,3.4091,3.4074,3.4098,3.4072,0,26.7,26.7,26.4,26.1,26.04,0.0,13.63
09/08/2021/23/39/36,4,4,-9.9,3.4091,3.4073,3.4097,3.4071,0,26.1,26.7,26.4,26.4,26.03,0.0,13.63
09/08/2021/23/39/46,4,4,-9.87,3.409,3.4073,3.4095,3.407,0,26.1,26.7,26.7,26.1,26,0.0,13.63
09/08/2021/23/39/56,4,4,-9.84,3.4088,3.4072,3.4094,3.4068,0,26.4,26.4,26.4,26.1,25.97,0.0,13.63
09/08/2021/23/40/06,4,4,-9.81,3.4087,3.4071,3.4094,3.4068,0,26.7,26.4,26.7,26.7,25.95,0.0,13.63
09/08/2021/23/40/16,4,4,-9.89,3.4087,3.4071,3.4093,3.4067,0,26.4,26.7,26.7,26.7,25.99,0.0,13.63
09/08/2021/23/40/26,4,4,-9.85,3.4085,3.4069,3.4092,3.4067,0,26.7,26.4,26.7,26.7,25.96,0.0,13.63
09/08/2021/23/40/36,4,4,-9.87,3.4083,3.4069,3.4091,3.4067,0,26.1,27,26.7,26.7,25.95,0.0,13.63
09/08/2021/23/40/46,4,4,-9.8,3.4081,3.4068,3.4089,3.4065,0,26.1,27,26.7,26.4,25.9,0.0,13.63
09/08/2021/23/40/56,4,4,-9.8,3.4079,3.4067,3.4088,3.4064,0,26.4,27,26.7,26.1,25.89,0.0,13.63
09/08/2021/23/41/06,4,4,-9.94,3.4078,3.4067,3.4087,3.4063,0,26.7,26.7,26.4,26.7,25.95,0.0,13.63
09/08/2021/23/41/16,4,4,-9.8,3.4077,3.4066,3.4086,3.4062,0,26.4,26.7,26.4,26.7,25.87,0.0,13.63
09/08/2021/23/41/26,4,4,-9.91,3.4077,3.4064,3.4086,3.4062,0,26.7,26.7,26.7,26.1,25.93,0.0,13.63
09/08/2021/23/41/36,4,4,-9.86,3.4075,3.4062,3.4084,3.406,0,26.1,27,26.4,26.1,25.89,0.0,13.63
09/08/2021/23/41/46,4,4,-9.83,3.4074,3.4062,3.4084,3.4059,0,26.7,26.4,27,26.1,25.86,0.0,13.63
09/08/2021/23/41/56,4,4,-9.88,3.4073,3.4061,3.4083,3.4057,0,26.1,26.4,26.4,26.4,25.88,0.0,13.63
09/08/2021/23/42/06,4,4,-9.83,3.4072,3.406,3.4081,3.4056,0,26.7,26.4,27,26.1,25.85,0.0,13.63
09/08/2021/23/42/16,4,4,-9.83,3.4071,3.4058,3.4079,3.4056,0,26.7,26.7,26.7,26.1,25.84,0.0,13.63
09/08/2021/23/42/26,4,4,-9.9,3.407,3.4057,3.4077,3.4054,0,26.1,26.4,26.7,26.4,25.87,0.0,13.63
09/08/2021/23/42/36,4,4,-9.89,3.4069,3.4057,3.4076,3.4054,0,26.4,27,27,26.7,25.85,0.0,13.63
09/08/2021/23/42/46,4,4,-9.88,3.4068,3.4057,3.4076,3.4052,0,26.7,26.4,27,26.4,25.84,0.0,13.63
09/08/2021/23/42/56,4,4,-9.92,3.4067,3.4055,3.4075,3.4052,0,26.1,26.7,26.7,26.7,25.85,0.0,13.62
09/08/2021/23/43/06,4,4,-9.92,3.4067,3.4054,3.4074,3.4051,0,26.1,26.7,26.7,26.4,25.85,0.0,13.62
09/08/2021/23/43/16,4,4,-9.92,3.4067,3.4053,3.4072,3.405,0,26.1,27,26.4,26.4,25.85,0.0,13.62
09/08/2021/23/43/26,4,4,-9.83,3.4067,3.4053,3.4072,3.405,0,26.4,26.4,26.4,26.7,25.81,0.0,13.62
09/08/2021/23/43/36,4,4,-9.9,3.4066,3.4052,3.4072,3.4049,0,26.4,26.7,26.4,26.1,25.84,0.0,13.62
09/08/2021/23/43/46,4,4,-9.8,3.4066,3.4052,3.407,3.4049,0,26.7,26.4,27,26.7,25.79,0.0,13.62
09/08/2021/23/43/56,4,4,-9.84,3.4065,3.4052,3.4068,3.4049,0,26.1,27,27,26.1,25.8,0.0,13.62
09/08/2021/23/44/06,4,4,-9.85,3.4064,3.4052,3.4066,3.4049,0,26.1,26.4,27,26.7,25.8,0.0,13.62
09/08/2021/23/44/16,4,4,-9.82,3.4063,3.4052,3.4066,3.4047,0,26.1,27,26.4,26.7,25.77,0.0,13.62
09/08/2021/23/44/26,4,4,-9.8,3.4061,3.4051,3.4064,3.4046,0,26.1,27,26.4,26.4,25.75,0.0,13.62
09/08/2021/23/44/36,4,4,-9.87,3.406,3.405,3.4063,3.4045,0,26.4,26.7,27,26.4,25.78,0.0,13.62
09/08/2021/23/44/46,4,4,-9.84,3.406,3.405,3.4062,3.4044,0,26.1,26.4,26.4,26.1,25.76,0.0,13.62
09/08/2021/23/44/56,4,4,-9.85,3.4059,3.405,3.4061,3.4042,0,26.7,26.7,27,26.7,25.76,0.0,13.62
09/08/2021/23/45/06,4,4,-9.84,3.4058,3.405,3.4059,3.4042,0,26.4,27,26.7,26.4,25.75,0.0,13.62
09/08/2021/23/45/16,4,4,-9.89,3.4056,3.405,3.4059,3.4042,0,26.7,27,27,26.4,25.76,0.0,13.62
09/08/2021/23/45/26,4,4,-9.92,3.4055,3.4049,3.4058,3.404,0,26.1,26.4,27,26.4,25.76,0.0,13.62
09/08/2021/23/45/36,4,4,-9.93,3.4055,3.4048,3.4057,3.4039,0,26.1,26.7,26.4,26.4,25.77,0.0,13.62
09/08/2021/23/45/46,4,4,-9.88,3.4055,3.4048,3.4056,3.4038,0,26.4,26.7,26.7,26.7,25.74,0.0,13.62
09/08/2021/23/45/56,4,4,-9.8,3.4054,3.4047,3.4056,3.4037,0,26.4,27,26.4,26.1,25.7,0.0,13.62
09/08/2021/23/46/06,4,4,-9.92,3.4054,3.4046,3.4056,3.4037,0,26.1,26.4,26.4,26.7,25.76,0.0,13.62
09/08/2021/23/46/16,4,4,-9.92,3.4053,3.4045,3.4055,3.4037,0,26.4,27,27,26.7,25.75,0.0,13.62
09/08/2021/23/46/26,4,4,-9.87,3.4052,3.4045,3.4054,3.4036,0,26.1,26.4,27,26.1,25.72,0.0,13.62
09/08/2021/23/46/36,4,4,-9.92,3.4052,3.4043,3.4053,3.4034,0,26.1,26.4,26.4,26.1,25.74,0.0,13.62
09/08/2021/23/46/46,4,4,-9.79,3.405,3.4043,3.4052,3.4033,0,26.4,26.7,26.4,26.1,25.66,0.0,13.62
09/08/2021/23/46/56,4,4,-9.86,3.4049,3.4042,3.4051,3.4031,0,26.7,26.4,26.4,26.4,25.69,0.0,13.62
09/08/2021/23/47/06,4,4,-9.92,3.4048,3.404,3.4049,3.4029,0,26.7,26.7,27,26.1,25.71,0.0,13.62
09/08/2021/23/47/16,4,4,-9.83,3.4046,3.4038,3.4049,3.4029,0,26.4,26.4,26.4,26.7,25.65,0.0,13.62
09/08/2021/23/47/26,4,4,-9.9,3.4045,3.4037,3.4049,3.4027,0,26.7,26.4,26.7,26.7,25.68,0.0,13.62
09/08/2021/23/47/37,4,4,-9.83,3.4044,3.4036,3.4048,3.4026,0,26.7,26.4,26.4,26.7,25.64,0.0,13.62
09/08/2021/23/47/47,4,4,-9.89,3.4043,3.4036,3.4047,3.4024,0,26.7,26.7,27,26.7,25.66,0.0,13.62
09/08/2021/23/47/57,4,4,-9.85,3.4043,3.4035,3.4047,3.4023,0,26.4,27,27,26.1,25.64,0.0,13.61
09/08/2021/23/48/07,4,4,-9.83,3.4043,3.4033,3.4045,3.4022,0,26.4,27,26.7,26.7,25.63,0.0,13.61
09/08/2021/23/48/17,4,4,-9.88,3.4041,3.4032,3.4044,3.4021,0,26.1,26.7,27,26.7,25.64,0.0,13.61
09/08/2021/23/48/27,4,4,-9.9,3.404,3.4031,3.4044,3.4019,0,26.1,27,27,26.1,25.64,0.0,13.61
09/08/2021/23/48/37,4,4,-9.81,3.4039,3.4031,3.4044,3.4019,0,26.4,26.7,26.7,26.4,25.59,0.0,13.61
09/08/2021/23/48/47,4,4,-9.93,3.4037,3.4031,3.4043,3.4019,0,26.7,26.7,26.4,26.7,25.63,0.0,13.61
09/08/2021/23/48/57,4,4,-9.86,3.4036,3.4031,3.4042,3.4018,0,26.7,27,27,26.1,25.59,0.0,13.61
09/08/2021/23/49/07,4,4,-9.87,3.4036,3.403,3.4041,3.4016,0,26.7,27,26.7,26.7,25.6,0.0,13.61
09/08/2021/23/49/17,4,4,-9.87,3.4036,3.4028,3.404,3.4015,0,26.7,26.4,26.7,26.4,25.6,0.0,13.61
09/08/2021/23/49/27,4,4,-9.83,3.4035,3.4028,3.404,3.4015,0,26.4,26.4,26.4,26.4,25.57,0.0,13.61
09/08/2021/23/49/37,4,4,-9.94,3.4034,3.4026,3.4038,3.4014,0,26.4,26.7,27,26.4,25.62,0.0,13.61
09/08/2021/23/49/47,4,4,-9.85,3.4033,3.4026,3.4038,3.4014,0,26.1,27,26.4,26.1,25.56,0.0,13.61
09/08/2021/23/49/57,4,4,-9.82,3.4032,3.4025,3.4037,3.4013,0,26.1,26.4,26.4,26.7,25.54,0.0,13.61
09/08/2021/23/50/07,4,4,-9.84,3.4031,3.4023,3.4036,3.4011,0,26.1,26.4,26.7,26.7,25.55,0.0,13.61
09/08/2021/23/50/17,4,4,-9.79,3.4029,3.4023,3.4036,3.4009,0,26.4,27,26.7,26.4,25.51,0.0,13.61
09/08/2021/23/50/27,4,4,-9.89,3.4028,3.4023,3.4034,3.4008,0,26.4,27,26.4,26.4,25.55,0.0,13.61
09/08/2021/23/50/37,4,4,-9.87,3.4028,3.4023,3.4033,3.4007,0,26.1,26.4,26.7,26.7,25.54,0.0,13.61
09/08/2021/23/50/47,4,4,-9.81,3.4027,3.4023,3.4032,3.4007,0,26.1,27,26.7,26.4,25.5,0.0,13.61
09/08/2021/23/50/57,4,4,-9.83,3.4026,3.4023,3.4032,3.4005,0,26.7,26.7,27,26.7,25.5,0.0,13.61
09/08/2021/23/51/07,4,4,-9.91,3.4026,3.4022,3.4031,3.4005,0,26.7,27,27,26.4,25.54,0.0,13.61
09/08/2021/23/51/17,4,4,-9.89,3.4026,3.4022,3.403,3.4003,0,26.4,26.4,26.7,26.1,25.53,0.0,13.61
09/08/2021/23/51/27,4,4,-9.91,3.4025,3.4022,3.4028,3.4002,0,26.7,26.7,26.4,26.7,25.53,0.0,13.61
09/08/2021/23/51/37,4,4,-9.86,3.4025,3.4021,3.4028,3.4,0,26.7,26.7,26.7,26.1,25.51,0.0,13.61
09/08/2021/23/51/47,4,4,-9.89,3.4025,3.4021,3.4026,3.4,0,26.7,27,26.4,26.1,25.52,0.0,13.61
09/08/2021/23/51/57,4,4,-9.89,3.4025,3.402,3.4025,3.4,0,26.4,26.7,27,26.4,25.52,0.0,13.61
09/08/2021/23/52/07,4,4,-9.8,3.4025,3.4019,3.4025,3.4,0,26.1,26.4,26.4,26.7,25.48,0.0,13.61
09/08/2021/23/52/17,4,4,-9.9,3.4025,3.4017,3.4023,3.3999,0,26.4,26.7,26.7,26.4,25.53,0.0,13.61
09/08/2021/23/52/27,4,4,-9.86,3.4025,3.4016,3.4021,3.3997,0,26.7,27,26.4,26.7,25.51,0.0,13.61
09/08/2021/23/52/37,4,4,-9.84,3.4025,3.4015,3.4019,3.3995,0,26.1,26.4,26.4,26.7,25.5,0.0,13.61
09/08/2021/23/52/47,4,4,-9.86,3.4025,3.4015,3.4019,3.3995,0,26.1,26.4,26.7,26.4,25.51,0.0,13.61
09/08/2021/23/52/57,4,4,-9.88,3.4023,3.4013,3.4018,3.3995,0,26.4,26.7,26.4,26.1,25.51,0.0,13.6
09/08/2021/23/53/07,4,4,-9.91,3.4022,3.4012,3.4017,3.3993,0,26.7,27,26.7,26.1,25.51,0.0,13.6
09/08/2021/23/53/17,4,4,-9.79,3.4021,3.4011,3.4016,3.3992,0,26.7,26.4,27,26.7,25.45,0.0,13.6
09/08/2021/23/53/27,4,4,-9.94,3.4021,3.401,3.4014,3.3991,0,26.1,26.7,26.7,26.7,25.52,0.0,13.6
09/08/2021/23/53/37,4,4,-9.83,3.402,3.4009,3.4012,3.399,0,26.1,27,27,26.1,25.46,0.0,13.6
09/08/2021/23/53/47,4,4,-9.86,3.4019,3.4007,3.401,3.3988,0,26.4,27,26.4,26.4,25.47,0.0,13.6
09/08/2021/23/53/57,4,4,-9.83,3.4019,3.4005,3.4009,3.3986,0,26.7,27,26.4,26.1,25.45,0.0,13.6
09/08/2021/23/54/07,4,4,-9.89,3.4018,3.4005,3.4008,3.3985,0,26.1,26.4,26.7,26.1,25.47,0.0,13.6
09/08/2021/23/54/17,4,4,-9.82,3.4016,3.4005,3.4008,3.3984,0,26.1,26.7,26.4,26.7,25.42,0.0,13.6
09/08/2021/23/54/27,4,4,-9.81,3.4016,3.4004,3.4008,3.3984,0,26.4,26.4,26.4,26.4,25.42,0.0,13.6
09/08/2021/23/54/37,4,4,-9.84,3.4016,3.4003,3.4008,3.3982,0,26.1,27,27,26.1,25.43,0.0,13.6
09/08/2021/23/54/47,4,4,-9.8,3.4015,3.4002,3.4006,3.3981,0,26.4,26.7,26.7,26.4,25.41,0.0,13.6
09/08/2021/23/54/57,4,4,-9.87,3.4014,3.4002,3.4004,3.398,0,26.4,26.7,26.7,26.1,25.43,0.0,13.6
09/08/2021/23/55/07,4,4,-9.79,3.4014,3.4,3.4003,3.3979,0,26.7,26.7,26.7,26.4,25.39,0.0,13.6
09/08/2021/23/55/17,4,4,-9.91,3.4013,3.4,3.4001,3.3977,0,26.1,26.4,27,26.1,25.45,0.0,13.6
09/08/2021/23/55/27,4,4,-9.87,3.4012,3.3999,3.4,3.3976,0,26.1,26.7,26.4,26.1,25.42,0.0,13.6
09/08/2021/23/55/37,4,4,-9.91,3.4012,3.3998,3.3999,3.3974,0,26.4,27,27,26.7,25.44,0.0,13.6
09/08/2021/23/55/47,4,4,-9.88,3.4011,3.3996,3.3998,3.3972,0,26.1,26.7,27,26.1,25.42,0.0,13.6
09/08/2021/23/55/57,4,4,-9.81,3.4009,3.3996,3.3998,3.397,0,26.7,26.7,26.7,26.4,25.37,0.0,13.6
09/08/2021/23/56/07,4,4,-9.79,3.4008,3.3995,3.3997,3.397,0,26.1,26.4,27,26.1,25.35,0.0,13.6
09/08/2021/23/56/17,4,4,-9.93,3.4008,3.3995,3.3997,3.3968,0,26.4,27,26.4,26.7,25.42,0.0,13.6
09/08/2021/23/56/27,4,4,-9.82,3.4007,3.3993,3.3997,3.3966,0,26.4,27,26.7,26.1,25.36,0.0,13.6
09/08/2021/23/56/37,4,4,-9.81,3.4007,3.3992,3.3996,3.3964,0,26.4,27,27,26.7,25.35,0.0,13.6
09/08/2021/23/56/47,4,4,-9.79,3.4007,3.3991,3.3995,3.3963,0,26.7,27,27,26.4,25.34,0.0,13.6
09/08/2021/23/56/57,4,4,-9.91,3.4006,3.3989,3.3995,3.3963,0,26.4,26.7,26.7,26.7,25.39,0.0,13.6
09/08/2021/23/57/07,4,4,-9.79,3.4006,3.3989,3.3993,3.3962,0,26.7,26.7,27,26.4,25.33,0.0,13.6
09/08/2021/23/57/17,4,4,-9.87,3.4004,3.3987,3.3992,3.3961,0,26.4,26.4,27,26.4,25.36,0.0,13.59
09/08/2021/23/57/27,4,4,-9.87,3.4004,3.3986,3.3992,3.3959,0,26.7,26.4,27,26.1,25.36,0.0,13.59
09/08/2021/23/57/37,4,4,-9.89,3.4004,3.3984,3.3991,3.3958,0,26.1,26.7,26.7,26.4,25.37,0.0,13.59
09/08/2021/23/57/47,4,4,-0.012,3.4682,3.4662,3.4669,3.4636,0,26.7,26.7,27,26.7,25.56,0,13.86
09/08/2021/23/57/57,4,4,-0.012,3.4682,3.4662,3.4669,3.4636,0,26.7,26.4,26.4,26.4,25.56,0,13.86
09/08/2021/23/58/07,4,4,-0.014,3.4682,3.4662,3.4669,3.4636,0,26.1,26.4,26.4,26.4,25.56,0,13.86
